room_type,review_count,avg_rating,is_superhost,bedrooms,beds,bathrooms,persons,lat,lng,neighborhood,dist_center_km,is_tourist_zone,is_entire_home,est_active_months,est_start_year,price_eur_night,early_adopter,log_price,maturity,price_tier
Entire home/apt,166,4.89,1,1,1,1,3,41.328680153698826,19.813829060711782,Blloku,0.556,1,1,66,2020,341.0,1,5.834810737062605,veteran,premium
Entire home/apt,187,4.9,1,1,1,1,2,41.32435,19.81024,Blloku,1.002,1,1,75,2019,321.0,1,5.7745515455444085,veteran,premium
Entire home/apt,153,4.86,0,1,2,1,3,41.32805996967127,19.812354510834343,Blloku,0.707,1,1,61,2020,364.0,1,5.8998973535824915,veteran,premium
Entire home/apt,54,4.78,0,1,1,1,4,41.32210123096071,19.81574600859833,Blloku,0.683,1,1,22,2024,391.0,0,5.971261839790462,established,premium
Entire home/apt,104,4.93,1,1,1,1,2,41.33354,19.82166,Myslym Shyri,0.747,1,1,42,2022,257.0,0,5.552959584921617,established,mid
Entire home/apt,0,4.92,1,2,3,1,5,41.33040117771233,19.81339283287525,Blloku,0.671,1,1,1,2025,353.0,0,5.869296913133774,new,premium
Entire home/apt,179,4.82,0,2,2,1,5,41.332966,19.820515,Pazari i Ri,0.639,1,1,72,2019,484.0,1,6.184148890937483,veteran,premium
Entire home/apt,72,4.99,1,2,2,1,3,41.32738421539848,19.81137380003929,Blloku,0.813,1,1,29,2023,464.0,0,6.142037405587356,established,premium
Private room,275,4.89,1,1,1,1,2,41.32005,19.81717,Blloku,0.844,1,0,84,2018,344.0,1,5.84354441703136,veteran,premium
Entire home/apt,272,4.89,1,1,2,1,4,41.32958,19.8141,Blloku,0.56,1,1,84,2018,329.0,1,5.799092654460526,veteran,premium
Entire home/apt,0,4.92,1,1,1,1,2,41.3322830851514,19.825815483927727,Myslym Shyri,0.952,1,1,1,2025,387.0,0,5.961005339623274,new,premium
Entire home/apt,596,4.91,1,1,1,1,2,41.32238,19.81896,Blloku,0.569,1,1,84,2018,443.0,1,6.095824562432225,veteran,premium
Entire home/apt,76,4.96,1,1,1,1,2,41.33072997950658,19.825635105371475,Myslym Shyri,0.849,1,1,30,2023,485.0,0,6.186208623900494,established,premium
Entire home/apt,3,5.0,0,2,5,1,6,41.331753377057176,19.821229241788387,Pazari i Ri,0.549,1,1,1,2025,588.0,0,6.3784261836515865,early,luxury
Entire home/apt,19,4.95,1,1,1,1,2,41.33026119926108,19.816332198679447,Blloku,0.404,1,1,8,2025,509.0,0,6.234410725718371,active,luxury
Entire home/apt,218,4.88,1,1,2,1,4,41.33405,19.81559,Blloku,0.805,1,1,84,2018,261.0,1,5.568344503761097,veteran,mid
Entire home/apt,70,4.94,1,1,2,1,3,41.329941,19.824825,Myslym Shyri,0.732,1,1,28,2023,351.0,0,5.863631175598097,established,premium
Entire home/apt,55,4.87,1,2,3,1,5,41.33341774049926,19.821209460496902,Myslym Shyri,0.713,1,1,22,2024,614.0,0,6.421622267806518,established,luxury
Entire home/apt,81,4.86,1,1,2,1,3,41.3225673,19.8144819,Blloku,0.72,1,1,32,2023,298.0,0,5.700443573390686,established,mid
Entire home/apt,196,4.95,1,1,1,1,2,41.32709,19.81388,Blloku,0.537,1,1,78,2019,392.0,1,5.973809611869261,veteran,premium
Entire home/apt,238,4.94,1,1,1,1,2,41.32656166166692,19.81391955167055,Blloku,0.541,1,1,84,2018,317.0,1,5.762051382780177,veteran,premium
Entire home/apt,227,4.89,0,1,1,1,3,41.327032,19.814839,Blloku,0.432,1,1,84,2018,408.0,1,6.013715156042802,veteran,premium
Entire home/apt,278,4.91,1,1,2,1,3,41.32893,19.82342,Pazari i Ri,0.547,1,1,84,2018,392.0,1,5.973809611869261,veteran,premium
Entire home/apt,221,4.88,1,1,1,1,2,41.33345,19.81817,Blloku,0.663,1,1,84,2018,263.0,1,5.575949103146316,veteran,mid
Entire home/apt,54,4.89,0,1,1,1,2,41.33009,19.82779,Myslym Shyri,1.049,1,1,22,2024,314.0,0,5.752572638825633,established,premium
Entire home/apt,3,5.0,0,2,3,1,4,41.328077613717696,19.810165129601955,Blloku,0.95,1,1,1,2025,274.0,0,5.616771097666572,early,mid
Entire home/apt,37,4.89,1,1,2,1,3,41.331675959238886,19.81898752883608,Blloku,0.465,1,1,15,2024,426.0,0,6.056784013228625,active,premium
Entire home/apt,43,4.88,1,2,3,2,5,41.33255892609721,19.820030195770272,Pazari i Ri,0.581,1,1,17,2024,662.0,0,6.4967749901858625,active,luxury
Entire home/apt,136,4.96,1,1,2,1,3,41.33019,19.82699,Myslym Shyri,0.967,1,1,54,2021,408.0,0,6.013715156042802,established,premium
Entire home/apt,205,4.87,1,1,1,1,4,41.33280395069673,19.822900593280792,Myslym Shyri,0.751,1,1,82,2019,311.0,1,5.7430031878094825,veteran,premium
Entire home/apt,259,4.88,1,1,3,1,4,41.32465,19.81683,Blloku,0.378,1,1,84,2018,344.0,1,5.84354441703136,veteran,premium
Entire home/apt,89,4.96,1,1,1,1,4,41.3257140134298,19.8151271892266,Blloku,0.443,1,1,36,2022,289.0,0,5.66988092298052,established,mid
Entire home/apt,43,4.98,0,1,1,1,4,41.33348571194741,19.82008628547192,Pazari i Ri,0.682,1,1,17,2024,388.0,0,5.963579343618446,active,premium
Entire home/apt,155,4.82,0,2,2,1,5,41.32428,19.82499,Pazari i Ri,0.784,1,1,62,2020,466.0,1,6.1463292576688975,veteran,premium
Entire home/apt,209,4.96,1,1,1,1,2,41.33179870440638,19.820632450282574,Pazari i Ri,0.523,1,1,84,2018,337.0,1,5.823045895483019,veteran,premium
Entire home/apt,13,5.0,0,1,1,1,3,41.3215997,19.8135726,Blloku,0.868,1,1,5,2025,478.0,0,6.171700597410915,active,premium
Entire home/apt,123,4.77,0,1,2,2,4,41.33162,19.81053,Selvia,1.016,0,1,49,2021,261.0,0,5.568344503761097,established,mid
Entire home/apt,85,4.94,1,1,3,1,4,41.32593,19.81554,Blloku,0.392,1,1,34,2023,384.0,0,5.953243334287785,established,premium
Entire home/apt,69,4.94,1,1,1,1,2,41.32475,19.81692,Blloku,0.364,1,1,28,2023,301.0,0,5.71042701737487,established,premium
Entire home/apt,81,4.94,1,2,3,2,5,41.3243734346966,19.81331710328825,Blloku,0.691,1,1,32,2023,481.0,0,6.1779441140506,established,premium
Entire home/apt,120,4.95,1,1,4,2,3,41.3291,19.82371,Myslym Shyri,0.584,1,1,48,2021,392.0,0,5.973809611869261,established,premium
Entire home/apt,275,4.82,0,1,1,1,3,41.33101,19.824997,Myslym Shyri,0.8,1,1,84,2018,349.0,1,5.857933154483459,veteran,premium
Entire home/apt,117,4.86,1,1,1,1,3,41.32233644279398,19.81373816728592,Blloku,0.795,1,1,47,2022,550.0,0,6.311734809152915,established,luxury
Entire home/apt,96,4.99,1,1,2,1,4,41.332757834991696,19.82359081071041,Myslym Shyri,0.797,1,1,38,2022,377.0,0,5.934894195619588,established,premium
Entire home/apt,118,4.79,1,1,1,1,3,41.33259,19.81557,Blloku,0.663,1,1,47,2022,272.0,0,5.60947179518496,established,mid
Entire home/apt,232,4.81,0,1,2,1,3,41.33115,19.82022,Pazari i Ri,0.439,1,1,84,2018,394.0,1,5.978885764901122,veteran,premium
Entire home/apt,21,4.76,0,1,1,1,4,41.33073746525499,19.82009231177825,Pazari i Ri,0.391,1,1,8,2025,399.0,0,5.991464547107982,active,premium
Entire home/apt,90,4.97,1,1,2,1,4,41.33375,19.82175,Myslym Shyri,0.772,1,1,36,2022,286.0,0,5.659482215759621,established,mid
Entire home/apt,210,4.97,1,2,2,2,4,41.32879,19.81872,Blloku,0.143,1,1,84,2018,697.0,1,6.548219102762372,veteran,luxury
Entire home/apt,161,4.75,0,1,1,1,2,41.32395,19.8154,Blloku,0.538,1,1,64,2020,246.0,1,5.5093883366279774,veteran,mid
Entire home/apt,233,4.92,1,1,2,1,3,41.33063,19.82564,Myslym Shyri,0.845,1,1,84,2018,268.0,1,5.594711379601839,veteran,mid
Entire home/apt,259,4.89,1,1,1,1,3,41.3230170425361,19.816852882504463,Blloku,0.538,1,1,84,2018,298.0,1,5.700443573390686,veteran,mid
Entire home/apt,24,5.0,0,1,3,2,3,41.3213663350373,19.824529050562635,Pazari i Ri,0.939,1,1,10,2025,350.0,0,5.860786223465865,active,premium
Entire home/apt,118,4.91,1,1,2,1,4,41.331983993579165,19.81067910790444,Selvia,1.02,0,1,47,2022,274.0,0,5.616771097666572,established,mid
Entire home/apt,87,4.98,0,2,3,1,4,41.32625276016432,19.81429689201921,Blloku,0.508,1,1,35,2023,328.0,0,5.796057750765372,established,premium
Entire home/apt,150,4.92,0,1,1,1,3,41.33078791301448,19.81944350436861,Blloku,0.374,1,1,60,2020,357.0,1,5.8805329864007,established,premium
Entire home/apt,116,4.99,1,1,2,2,3,41.33244068434698,19.82282850891352,Myslym Shyri,0.715,1,1,46,2022,587.0,0,6.376726947898627,established,luxury
Entire home/apt,14,5.0,1,1,2,1,4,41.324109443920975,19.81132230325549,Blloku,0.901,1,1,6,2025,412.0,0,6.023447592961033,active,premium
Entire home/apt,5,5.0,0,1,2,1,3,41.32285825811577,19.814890355671515,Blloku,0.667,1,1,2,2025,325.0,0,5.786897381366708,early,premium
Entire home/apt,185,4.99,1,1,2,1,3,41.32023,19.81343,Blloku,0.997,1,1,74,2019,329.0,1,5.799092654460526,veteran,premium
Entire home/apt,38,4.87,1,1,1,1,2,41.33069700173305,19.814650118350983,Blloku,0.573,1,1,15,2024,643.0,0,6.467698726104354,active,luxury
Entire home/apt,145,4.86,1,2,3,1,4,41.33371,19.82432,Myslym Shyri,0.93,1,1,58,2021,515.0,0,6.246106765481563,established,luxury
Entire home/apt,172,4.91,1,1,1,1,2,41.323757,19.815785,Blloku,0.527,1,1,69,2020,243.0,1,5.497168225293202,veteran,mid
Entire home/apt,119,4.91,1,1,2,1,3,41.33298,19.82644,Myslym Shyri,1.053,1,1,48,2021,330.0,0,5.802118375377063,established,premium
Entire home/apt,0,4.92,0,1,1,1,2,41.33123047459228,19.81172885745764,Blloku,0.878,1,1,1,2025,297.0,0,5.697093486505405,new,mid
Entire home/apt,42,4.88,1,1,2,1,3,41.322887286814925,19.81749252209016,Blloku,0.529,1,1,17,2024,373.0,0,5.924255797414532,active,premium
Entire home/apt,260,4.85,1,1,1,1,2,41.32285564365512,19.81674123555422,Blloku,0.559,1,1,84,2018,322.0,1,5.777652323222656,veteran,premium
Entire home/apt,248,4.82,1,1,1,1,2,41.32928,19.82053,Pazari i Ri,0.283,1,1,84,2018,327.0,1,5.793013608384144,veteran,premium
Entire home/apt,0,4.92,1,1,1,1,3,41.33456822289453,19.818636886775494,Blloku,0.785,1,1,1,2025,202.0,0,5.313205979041787,new,mid
Entire home/apt,52,5.0,1,1,1,1,3,41.33155223095277,19.811049588024616,Selvia,0.961,0,1,21,2024,437.0,0,6.082218910376446,established,premium
Entire home/apt,155,4.91,1,2,3,1,5,41.33140595746251,19.824650842395712,Myslym Shyri,0.79,1,1,62,2020,347.0,1,5.8522024797744745,veteran,premium
Entire home/apt,260,4.95,1,1,1,1,2,41.32471405128257,19.82562622055412,Pazari i Ri,0.829,1,1,84,2018,412.0,1,6.023447592961033,veteran,premium
Entire home/apt,24,4.96,1,2,3,2,5,41.33451862864247,19.81871031224728,Blloku,0.779,1,1,10,2025,374.0,0,5.926926025970411,active,premium
Entire home/apt,170,4.82,1,1,1,1,2,41.32704,19.81136,Blloku,0.816,1,1,68,2020,394.0,1,5.978885764901122,veteran,premium
Entire home/apt,383,4.96,1,1,1,2,2,41.32255196921301,19.8177195712924,Blloku,0.56,1,1,84,2018,423.0,1,6.049733455231958,veteran,premium
Entire home/apt,206,4.96,1,2,3,1,4,41.33086,19.82528,Myslym Shyri,0.82,1,1,82,2019,309.0,1,5.736572297479192,veteran,premium
Entire home/apt,68,5.0,1,1,1,1,2,41.3305823039337,19.81007843249077,Blloku,1.016,1,1,27,2023,330.0,0,5.802118375377063,established,premium
Entire home/apt,90,4.78,1,1,1,1,3,41.33469436148405,19.818654656410217,Blloku,0.799,1,1,36,2022,271.0,0,5.605802066295998,established,mid
Entire home/apt,547,4.97,1,1,1,1,2,41.332737,19.819708,Pazari i Ri,0.592,1,1,84,2018,429.0,1,6.063785208687608,veteran,premium
Entire home/apt,136,4.92,1,1,2,1,3,41.33162,19.82402,Myslym Shyri,0.747,1,1,54,2021,300.0,0,5.707110264748875,established,mid
Entire home/apt,344,4.9,1,1,2,1,2,41.32216,19.81846,Blloku,0.593,1,1,84,2018,261.0,1,5.568344503761097,veteran,mid
Entire home/apt,170,4.84,1,1,1,1,2,41.32071,19.81577,Blloku,0.821,1,1,68,2020,305.0,1,5.723585101952381,veteran,premium
Entire home/apt,297,4.98,1,1,3,1,4,41.329567,19.822208,Pazari i Ri,0.452,1,1,84,2018,361.0,1,5.891644211825771,veteran,premium
Entire home/apt,13,4.92,0,2,2,2,5,41.32911917960718,19.81271356344223,Blloku,0.688,1,1,5,2025,402.0,0,5.998936561946683,active,premium
Entire home/apt,316,4.94,0,2,2,1,6,41.327032,19.814839,Blloku,0.432,1,1,84,2018,475.0,1,6.16541785423142,veteran,premium
Entire home/apt,103,4.92,1,2,3,1,5,41.32546793011254,19.816858246922493,Blloku,0.304,1,1,41,2022,452.0,0,6.115892125483034,established,premium
Entire home/apt,168,4.95,1,3,3,2,5,41.33311,19.82318,Myslym Shyri,0.797,1,1,67,2020,617.0,1,6.42648845745769,veteran,luxury
Entire home/apt,17,4.94,1,1,1,1,3,41.33442624667043,19.818711318075657,Blloku,0.769,1,1,7,2025,276.0,0,5.6240175061873385,active,mid
Entire home/apt,257,4.97,1,1,1,1,2,41.32479295441989,19.82564901933074,Pazari i Ri,0.828,1,1,84,2018,392.0,1,5.973809611869261,veteran,premium
Entire home/apt,185,4.84,1,1,1,1,2,41.3238505521993,19.81292592796032,Blloku,0.758,1,1,74,2019,599.0,1,6.396929655216146,veteran,luxury
Entire home/apt,105,4.92,1,2,3,1,4,41.33101999937817,19.81470644474029,Blloku,0.591,1,1,42,2022,463.0,0,6.139884552226255,established,premium
Entire home/apt,186,4.98,1,1,2,1,3,41.32491878046042,19.81355560743472,Blloku,0.639,1,1,74,2019,340.0,1,5.831882477283517,veteran,premium
Entire home/apt,83,4.89,1,1,1,1,2,41.33227,19.82287,Myslym Shyri,0.703,1,1,33,2023,257.0,0,5.552959584921617,established,mid
Entire home/apt,242,4.86,0,2,2,1,6,41.327032,19.814839,Blloku,0.432,1,1,84,2018,431.0,1,6.068425588244111,veteran,premium
Entire home/apt,156,4.88,1,2,3,1,4,41.32314865575481,19.812108539672867,Blloku,0.877,1,1,62,2020,212.33,1,5.3628402625635365,veteran,mid
Entire home/apt,160,4.74,0,1,1,1,3,41.3311911,19.8145153,Blloku,0.619,1,1,64,2020,289.0,1,5.66988092298052,veteran,mid
Entire home/apt,606,4.85,0,1,2,1,4,41.329956,19.821524,Pazari i Ri,0.415,1,1,84,2018,289.0,1,5.66988092298052,veteran,mid
Entire home/apt,152,4.95,0,1,1,1,2,41.3242416381836,19.81641387939453,Blloku,0.442,1,1,61,2020,355.0,1,5.87493073085203,veteran,premium
Entire home/apt,68,4.96,0,2,3,1,4,41.32355499267578,19.81560516357422,Blloku,0.557,1,1,27,2023,470.0,0,6.154858094016418,established,premium
Entire home/apt,91,4.95,1,1,2,1,2,41.33160383008534,19.827793277800083,Myslym Shyri,1.107,1,1,36,2022,232.0,0,5.4510384535657,established,mid
Entire home/apt,77,4.87,1,1,1,1,3,41.33115840914667,19.819958813120337,Pazari i Ri,0.429,1,1,31,2023,215.0,0,5.375278407684165,established,mid
Entire home/apt,9,4.89,0,3,4,2,8,41.33103250360311,19.82172803010256,Pazari i Ri,0.516,1,1,4,2025,603.0,0,6.403574197934815,early,luxury
Entire home/apt,167,4.83,0,2,2,1,6,41.3238756888111,19.812798924853528,Blloku,0.769,1,1,67,2020,449.0,1,6.1092475827643655,veteran,premium
Entire home/apt,225,4.88,0,1,2,1,4,41.33101,19.824997,Myslym Shyri,0.8,1,1,84,2018,389.0,1,5.966146739123692,veteran,premium
Entire home/apt,51,4.92,1,2,2,1,3,41.327549,19.822502,Pazari i Ri,0.422,1,1,20,2024,577.0,0,6.359573868672378,established,luxury
Entire home/apt,92,4.8,1,1,1,1,3,41.32260081426691,19.81603679814757,Blloku,0.619,1,1,37,2022,412.0,0,6.023447592961033,established,premium
Entire home/apt,9,5.0,0,1,1,1,4,41.33156053574272,19.817036613821983,Blloku,0.487,1,1,4,2025,404.0,0,6.003887067106539,early,premium
Entire home/apt,225,4.92,1,2,3,2,5,41.33154,19.82158,Pazari i Ri,0.551,1,1,84,2018,359.0,1,5.886104031450156,veteran,premium
Entire home/apt,64,5.0,1,2,2,1,4,41.32059,19.81602,Blloku,0.823,1,1,26,2023,666.0,0,6.502790045915623,established,luxury
Entire home/apt,2,4.92,0,1,2,1,3,41.332198429529,19.82170432806015,Myslym Shyri,0.619,1,1,1,2025,206.0,0,5.332718793265369,early,mid
Entire home/apt,72,4.94,1,1,2,1,3,41.31712506532868,19.80178915396728,Kombinat,2.202,0,1,29,2023,349.0,0,5.857933154483459,established,premium
Entire home/apt,0,4.92,0,1,1,1,2,41.32402797313999,19.796711839735508,Kombinat,2.471,0,1,1,2025,198.0,0,5.293304824724492,new,mid
Entire home/apt,135,4.96,1,1,1,1,3,41.32256342279501,19.80999520321044,Blloku,1.111,1,1,54,2021,340.0,0,5.831882477283517,established,premium
Entire home/apt,26,4.92,1,1,3,1,4,41.31820191664849,19.80733728664704,Kombinat,1.63,0,1,10,2025,278.0,0,5.631211781821365,active,mid
Entire home/apt,2,4.92,1,2,2,1,4,41.31223693491409,19.803244024515152,Kombinat,2.411,0,1,1,2025,340.0,0,5.831882477283517,early,premium
Entire home/apt,15,5.0,1,2,3,2,5,41.31209792258405,19.802947975695133,Kombinat,2.445,0,1,6,2025,535.0,0,6.284134161070802,active,luxury
Entire home/apt,17,5.0,1,2,1,2,7,41.311886126181705,19.803024418652058,Kombinat,2.456,0,1,7,2025,500.0,0,6.2166061010848646,active,premium
Entire home/apt,36,4.92,1,1,1,1,2,41.31653155421361,19.805723391473293,Kombinat,1.886,0,1,14,2024,241.0,0,5.488937726156687,active,mid
Entire home/apt,60,4.83,1,1,1,1,2,41.32053807811115,19.808179325794963,Kombinat,1.4,0,1,24,2023,644.0,0,6.4692503167957724,established,luxury
Entire home/apt,80,4.73,0,1,3,1,3,41.31517,19.80717,Kombinat,1.874,0,1,32,2023,289.0,0,5.66988092298052,established,mid
Entire home/apt,22,5.0,1,2,4,2,4,41.312935,19.809336,Shkoza,1.922,0,1,9,2025,524.0,0,6.263398262591624,active,luxury
Entire home/apt,49,4.98,1,1,3,1,4,41.31445,19.80762,Kombinat,1.9,0,1,20,2024,338.0,0,5.82600010738045,active,premium
Entire home/apt,47,5.0,1,1,1,1,4,41.32439,19.80778,Blloku,1.26,1,1,19,2024,460.0,0,6.133398042996649,active,premium
Entire home/apt,20,4.5,0,1,1,1,2,41.3196032065532,19.80252820547974,Kombinat,1.998,0,1,8,2025,190.0,0,5.25227342804663,active,mid
Entire home/apt,54,4.93,0,1,1,1,3,41.31754,19.80749,Kombinat,1.665,0,1,22,2024,337.0,0,5.823045895483019,established,premium
Entire home/apt,10,4.3,0,2,2,1,4,41.31135,19.80284,Kombinat,2.513,0,1,4,2025,287.0,0,5.662960480135946,early,mid
Entire home/apt,13,5.0,0,1,3,1,4,41.3191168429838,19.804714359092728,Kombinat,1.81,0,1,5,2025,281.0,0,5.641907070938114,active,mid
Entire home/apt,41,4.85,1,2,3,2,4,41.32090572355104,19.805972166359425,Kombinat,1.591,0,1,16,2024,404.0,0,6.003887067106539,active,premium
Entire home/apt,21,4.95,1,1,1,1,3,41.3239519,19.7954421,Kombinat,2.611,0,1,8,2025,408.0,0,6.013715156042802,active,premium
Entire home/apt,49,4.84,0,1,1,1,3,41.31782,19.80302,Kombinat,2.045,0,1,20,2024,338.0,0,5.82600010738045,active,premium
Entire home/apt,220,4.98,1,1,1,1,2,41.316441,19.805449,Kombinat,1.916,0,1,84,2018,465.0,1,6.144185634125646,veteran,premium
Entire home/apt,193,4.93,1,1,2,1,2,41.3214365,19.8080023,Kombinat,1.365,0,1,77,2019,206.0,1,5.332718793265369,veteran,mid
Entire home/apt,70,4.93,1,1,1,1,3,41.316792,19.806656,Kombinat,1.789,0,1,28,2023,309.0,0,5.736572297479192,established,premium
Entire home/apt,3,5.0,1,1,1,1,3,41.32445653075354,19.80880078836061,Blloku,1.15,1,1,1,2025,311.0,0,5.7430031878094825,early,premium
Entire home/apt,5,5.0,0,1,1,1,2,41.32190762896269,19.792999662458897,Kombinat,2.919,0,1,2,2025,548.0,0,6.3080984415095305,early,luxury
Entire home/apt,19,5.0,1,2,2,1,4,41.31256,19.80519,Kombinat,2.236,0,1,8,2025,330.0,0,5.802118375377063,active,premium
Entire home/apt,0,4.92,0,1,1,1,2,41.32132825161479,19.806995764374733,Kombinat,1.469,0,1,1,2025,236.0,0,5.4680601411351315,new,mid
Entire home/apt,146,4.88,1,3,3,2,6,41.32254787111672,19.809877586083136,Blloku,1.123,1,1,58,2021,480.0,0,6.175867270105761,established,premium
Entire home/apt,13,4.46,0,2,2,2,5,41.32203101659137,19.796619974076748,Kombinat,2.525,0,1,5,2025,695.0,0,6.54534966033442,active,luxury
Entire home/apt,31,4.84,1,2,3,2,4,41.32155041792788,19.807560102008075,Kombinat,1.402,0,1,12,2024,545.0,0,6.302618975744905,active,luxury
Entire home/apt,62,4.76,0,1,1,1,4,41.3160138,19.8072865,Kombinat,1.797,0,1,25,2023,403.0,0,6.0014148779611505,established,premium
Entire home/apt,1,4.92,0,2,3,2,5,41.31439813518656,19.804723262786865,Kombinat,2.126,0,1,1,2025,338.0,0,5.82600010738045,early,premium
Entire home/apt,28,5.0,1,2,3,1,3,41.3204857,19.8093127,Blloku,1.301,1,1,11,2025,439.0,0,6.0867747269123065,active,premium
Entire home/apt,56,4.96,0,1,2,1,4,41.3191625,19.8049844,Kombinat,1.782,0,1,22,2024,412.0,0,6.023447592961033,established,premium
Entire home/apt,13,4.92,1,1,3,1,4,41.32391,19.80413,Kombinat,1.666,0,1,5,2025,256.0,0,5.54907608489522,active,mid
Entire home/apt,68,4.93,1,1,1,1,3,41.32489,19.80544,Kombinat,1.5,0,1,27,2023,290.0,0,5.673323267171493,established,mid
Entire home/apt,2,4.92,0,1,1,1,2,41.32459878020691,19.80996698141098,Blloku,1.021,1,1,1,2025,293.0,0,5.683579767338681,early,mid
Entire home/apt,0,4.92,0,1,1,1,3,41.30934037087388,19.805658247049102,Shkoza,2.482,0,1,1,2025,368.0,0,5.910796644040527,new,premium
Entire home/apt,47,4.87,0,1,1,1,3,41.315605423229975,19.80553044875408,Kombinat,1.97,0,1,19,2024,340.0,0,5.831882477283517,active,premium
Entire home/apt,20,4.55,0,1,1,1,2,41.3172777325154,19.80563116389312,Kombinat,1.842,0,1,8,2025,293.0,0,5.683579767338681,active,mid
Entire home/apt,168,4.96,1,1,1,1,2,41.324243,19.806874,Blloku,1.362,1,1,67,2020,379.0,1,5.940171252720432,veteran,premium
Entire home/apt,117,4.98,1,1,2,1,4,41.321228,19.8060403,Kombinat,1.568,0,1,47,2022,319.0,0,5.768320995793772,established,premium
Entire home/apt,143,4.98,1,1,2,1,3,41.3160541,19.8057601,Kombinat,1.918,0,1,57,2021,541.0,0,6.295266001439646,established,luxury
Entire home/apt,135,4.85,1,1,1,1,3,41.31687,19.80577,Kombinat,1.858,0,1,54,2021,359.0,0,5.886104031450156,established,premium
Entire home/apt,113,4.89,1,1,1,1,3,41.3182,19.80961,Kombinat,1.444,0,1,45,2022,244.0,0,5.501258210544727,established,mid
Entire home/apt,36,4.97,0,1,1,1,3,41.31315344369661,19.80785809457302,Shkoza,1.996,0,1,14,2024,543.0,0,6.298949246855942,active,luxury
Entire home/apt,174,4.82,0,1,1,1,3,41.31323,19.80694,Shkoza,2.053,0,1,70,2020,332.0,1,5.808142489980444,veteran,premium
Entire home/apt,0,4.92,0,1,2,1,2,41.31401,19.7905,Kombinat,3.47,0,1,1,2025,226.0,0,5.424950017481403,new,mid
Entire home/apt,33,4.97,1,1,3,1,4,41.32163,19.7953,Kombinat,2.678,0,1,13,2024,355.0,0,5.87493073085203,active,premium
Entire home/apt,32,4.91,1,2,3,1,5,41.3239519,19.7954421,Kombinat,2.611,0,1,13,2024,509.0,0,6.234410725718371,active,luxury
Entire home/apt,7,5.0,1,1,1,1,3,41.32305962094889,19.794244273369515,Kombinat,2.759,0,1,3,2025,701.0,0,6.553933404025811,early,luxury
Entire home/apt,24,4.63,0,1,1,1,3,41.32330037571304,19.80977696085205,Blloku,1.095,1,1,10,2025,325.0,0,5.786897381366708,active,premium
Entire home/apt,82,4.84,0,1,1,1,3,41.31795,19.80757,Kombinat,1.628,0,1,33,2023,272.0,0,5.60947179518496,established,mid
Entire home/apt,19,5.0,1,0,1,1,3,41.31295,19.80845,Shkoza,1.976,0,1,8,2025,616.0,0,6.424869023905388,active,luxury
Entire home/apt,81,4.95,1,2,3,2,4,41.32377567482608,19.80937622487545,Blloku,1.114,1,1,32,2023,607.0,0,6.410174881966167,established,luxury
Entire home/apt,47,4.94,1,1,1,1,2,41.31279,19.80239,Kombinat,2.438,0,1,19,2024,290.0,0,5.673323267171493,active,mid
Entire home/apt,14,4.93,1,1,1,1,3,41.3226626,19.7949085,Kombinat,2.695,0,1,6,2025,385.0,0,5.955837369464831,active,premium
Entire home/apt,62,4.97,1,1,3,1,4,41.32267950000001,19.8093246,Blloku,1.17,1,1,25,2023,351.0,0,5.863631175598097,established,premium
Entire home/apt,14,4.93,0,2,2,1,6,41.323411543792005,19.809690936770632,Blloku,1.098,1,1,6,2025,429.0,0,6.063785208687608,active,premium
Entire home/apt,162,4.95,1,1,1,1,3,41.32479,19.80854,Blloku,1.167,1,1,65,2020,290.0,1,5.673323267171493,veteran,mid
Entire home/apt,47,4.96,1,1,1,1,2,41.32443,19.80779,Blloku,1.258,1,1,19,2024,301.0,0,5.71042701737487,active,premium
Entire home/apt,56,4.82,0,2,1,1,4,41.32044,19.80837,Kombinat,1.389,0,1,22,2024,274.0,0,5.616771097666572,established,mid
Entire home/apt,18,5.0,1,2,3,2,5,41.32200709305359,19.79674201458693,Kombinat,2.512,0,1,7,2025,465.0,0,6.144185634125646,active,premium
Entire home/apt,73,4.84,1,2,4,1,5,41.3163014035171,19.807250909507275,Kombinat,1.778,0,1,29,2023,256.0,0,5.54907608489522,established,mid
Entire home/apt,171,4.91,1,1,2,1,3,41.32121,19.80995,Blloku,1.196,1,1,68,2020,241.0,1,5.488937726156687,veteran,mid
Entire home/apt,5,4.6,0,2,3,2,5,41.32284,19.79813,Kombinat,2.341,0,1,2,2025,478.0,0,6.171700597410915,early,premium
Entire home/apt,20,4.95,1,2,3,2,5,41.32245351629675,19.797581546008587,Kombinat,2.41,0,1,8,2025,378.0,0,5.937536205082426,active,premium
Entire home/apt,158,4.97,1,1,1,1,3,41.3206,19.80838,Kombinat,1.378,0,1,63,2020,274.0,1,5.616771097666572,veteran,mid
Entire home/apt,47,4.85,1,1,1,2,2,41.31637,19.80976,Shkoza,1.585,0,1,19,2024,311.0,0,5.7430031878094825,active,premium
Entire home/apt,88,4.86,0,1,1,1,3,41.31785,19.80362,Kombinat,1.987,0,1,35,2023,227.0,0,5.429345628954441,established,mid
Entire home/apt,13,5.0,1,1,2,1,2,41.31682968139648,19.806049346923828,Kombinat,1.837,0,1,5,2025,337.0,0,5.823045895483019,active,premium
Private room,123,4.86,0,1,2,1,2,41.3237,19.80467,Kombinat,1.613,0,0,49,2021,209.0,0,5.3471075307174685,established,mid
Entire home/apt,6,5.0,1,1,2,1,2,41.31807591099752,19.802556265745537,Kombinat,2.075,0,1,2,2025,615.0,0,6.423246963533519,early,luxury
Entire home/apt,3,5.0,1,1,1,1,2,41.31889938111381,19.805896799999992,Kombinat,1.712,0,1,1,2025,319.0,0,5.768320995793772,early,premium
Entire home/apt,266,4.92,1,1,1,1,2,41.32366,19.8081,Blloku,1.251,1,1,84,2018,267.0,1,5.5909869805108565,veteran,mid
Entire home/apt,39,4.79,0,2,4,2,5,41.32262788196746,19.809303193284595,Blloku,1.175,1,1,16,2024,431.0,0,6.068425588244111,active,premium
Entire home/apt,61,4.95,1,1,1,1,2,41.32244,19.80573,Kombinat,1.545,0,1,24,2023,272.0,0,5.60947179518496,established,mid
Entire home/apt,3,5.0,0,1,1,1,3,41.311525249098445,19.802581183612347,Kombinat,2.519,0,1,1,2025,211.0,0,5.356586274672012,early,mid
Entire home/apt,82,4.8,0,1,2,1,2,41.31741,19.80666,Kombinat,1.744,0,1,33,2023,248.0,0,5.517452896464707,established,mid
Entire home/apt,19,5.0,1,1,1,2,3,41.32980879296567,19.838249655017087,Kinostudio,2.185,0,1,8,2025,308.0,0,5.733341276897746,active,premium
Entire home/apt,32,4.75,0,1,3,1,2,41.32554,19.84634,Don Bosko,3.076,0,1,13,2024,215.0,0,5.375278407684165,active,mid
Entire home/apt,60,4.87,0,1,2,1,3,41.333061258942536,19.8324204236269,Center,1.643,1,1,24,2023,289.0,0,5.66988092298052,established,mid
Entire home/apt,133,4.93,1,0,2,1,2,41.336209,19.831952,Bulevardi,1.76,1,1,53,2021,215.0,0,5.375278407684165,established,mid
Entire home/apt,119,4.96,1,1,1,1,3,41.3293423,19.8308448,Center,1.363,1,1,48,2021,433.0,0,6.073044534100405,established,premium
Entire home/apt,0,4.92,0,1,2,1,2,41.32740258099541,19.846276715397835,Don Bosko,3.061,0,1,1,2025,218.0,0,5.389071729816501,new,mid
Entire home/apt,42,4.98,1,2,3,1,4,41.3279,19.84479,Kinostudio,2.896,0,1,17,2024,331.0,0,5.805134968916488,active,premium
Entire home/apt,100,4.89,1,1,1,1,2,41.32513,19.83205,Center,1.505,1,1,40,2022,294.0,0,5.68697535633982,established,mid
Entire home/apt,6,5.0,1,1,2,1,3,41.3384910940143,19.83043123036623,Bulevardi,1.784,1,1,2,2025,299.0,0,5.703782474656201,early,mid
Entire home/apt,100,4.82,1,1,1,1,3,41.32779,19.83446,Center,1.75,1,1,40,2022,289.0,0,5.66988092298052,established,mid
Entire home/apt,0,4.92,1,1,2,1,3,41.327064725239005,19.8317662999034,Center,1.451,1,1,1,2025,297.0,0,5.697093486505405,new,mid
Entire home/apt,10,4.9,0,2,1,1,2,41.34309224427531,19.831725968786625,Liqeni,2.255,1,1,4,2025,550.0,0,6.311734809152915,early,luxury
Entire home/apt,10,4.9,1,1,1,1,2,41.33033,19.83421,Center,1.75,1,1,4,2025,358.0,0,5.883322388488279,early,premium
Entire home/apt,13,5.0,0,2,3,2,4,41.3392,19.83957,Kinostudio,2.656,0,1,5,2025,577.0,0,6.359573868672378,active,luxury
Entire home/apt,0,4.92,0,1,1,1,3,41.325598362312064,19.830156303942204,Center,1.289,1,1,1,2025,405.0,0,6.0063531596017325,new,premium
Entire home/apt,44,4.95,1,1,2,2,4,41.32574035783195,19.83111653476953,Center,1.392,1,1,18,2024,304.0,0,5.720311776607412,active,premium
Entire home/apt,9,4.89,1,1,2,1,3,41.33416141056248,19.835230372846127,Center,1.978,1,1,4,2025,360.0,0,5.8888779583328805,early,premium
Entire home/apt,44,4.91,1,2,4,2,4,41.3423925,19.8334466,Liqeni,2.326,1,1,18,2024,358.0,0,5.883322388488279,active,premium
Entire home/apt,0,4.92,1,1,1,1,2,41.32849881416068,19.84562795609236,Kinostudio,2.991,0,1,1,2025,245.0,0,5.5053315359323625,new,mid
Entire home/apt,75,4.68,0,2,3,1,4,41.33304625119767,19.83240680489348,Center,1.641,1,1,30,2023,347.0,0,5.8522024797744745,established,premium
Entire home/apt,47,4.87,1,1,1,1,4,41.33052755314184,19.836697205901142,Center,2.026,1,1,19,2024,289.0,0,5.66988092298052,active,mid
Entire home/apt,20,4.95,1,1,1,1,3,41.34198026372304,19.83096532523632,Liqeni,2.106,1,1,8,2025,436.0,0,6.07993319509559,active,premium
Entire home/apt,13,5.0,1,1,1,1,4,41.32594682419772,19.83613662421704,Center,1.943,1,1,5,2025,289.0,0,5.66988092298052,active,mid
Entire home/apt,73,4.88,0,1,1,1,3,41.32644332945256,19.8459991067648,Don Bosko,3.032,0,1,29,2023,284.0,0,5.652489180268651,established,mid
Entire home/apt,70,4.89,1,1,2,1,3,41.33007,19.84507,Kinostudio,2.941,0,1,28,2023,206.0,0,5.332718793265369,established,mid
Entire home/apt,58,4.88,1,2,2,2,5,41.33779,19.83876,Kinostudio,2.503,0,1,23,2024,264.0,0,5.579729825986222,established,mid
Entire home/apt,3,4.67,1,1,1,1,2,41.32831939359073,19.84530937312411,Kinostudio,2.955,0,1,1,2025,210.0,0,5.351858133476067,early,mid
Entire home/apt,120,4.97,1,0,2,1,2,41.333496027497326,19.834578931331635,Center,1.884,1,1,48,2021,337.0,0,5.823045895483019,established,premium
Entire home/apt,41,4.68,0,1,1,2,6,41.32966,19.83781,Kinostudio,2.135,0,1,16,2024,259.0,0,5.560681631015528,active,mid
Entire home/apt,2,4.92,0,1,1,1,4,41.32585,19.83187,Center,1.473,1,1,1,2025,304.0,0,5.720311776607412,early,premium
Entire home/apt,4,5.0,0,1,1,1,3,41.34065014465836,19.844936951994896,Kinostudio,3.258,0,1,2,2025,742.0,0,6.610696044717759,early,luxury
Entire home/apt,8,5.0,0,1,1,1,3,41.34107230697197,19.845338948071003,Kinostudio,3.319,0,1,3,2025,465.0,0,6.144185634125646,early,premium
Entire home/apt,77,4.78,1,2,3,1,5,41.32868,19.8348719,Center,1.8,1,1,31,2023,334.0,0,5.814130531825066,established,premium
Entire home/apt,8,5.0,0,2,3,1,4,41.34230217870001,19.841186553239822,Liqeni,2.988,1,1,3,2025,314.0,0,5.752572638825633,early,premium
Entire home/apt,60,4.85,0,1,1,1,2,41.33306478348723,19.83246199786663,Center,1.648,1,1,24,2023,314.0,0,5.752572638825633,established,premium
Entire home/apt,23,4.74,0,1,2,1,3,41.32537,19.83345,Center,1.654,1,1,9,2025,349.0,0,5.857933154483459,active,premium
Entire home/apt,10,5.0,1,1,3,2,4,41.34316,19.83254,Liqeni,2.32,1,1,4,2025,338.0,0,5.82600010738045,early,premium
Entire home/apt,3,5.0,1,1,1,1,3,41.3283540285079,19.83897831240188,Kinostudio,2.253,0,1,1,2025,347.0,0,5.8522024797744745,early,premium
Entire home/apt,76,4.92,1,1,1,1,2,41.32831,19.84584,Don Bosko,3.014,0,1,30,2023,300.0,0,5.707110264748875,established,mid
Entire home/apt,11,4.91,1,1,2,1,3,41.33435777443388,19.835083857178688,Center,1.971,1,1,4,2025,339.0,0,5.8289456176102075,active,premium
Entire home/apt,11,5.0,0,1,2,1,3,41.33306312093999,19.83640527717088,Kinostudio,2.06,0,1,4,2025,392.0,0,5.973809611869261,active,premium
Entire home/apt,210,4.87,1,1,1,1,2,41.33256,19.83819,Kinostudio,2.235,0,1,84,2018,211.0,1,5.356586274672012,veteran,mid
Entire home/apt,59,4.97,1,1,2,1,2,41.32879,19.8456,Kinostudio,2.989,0,1,24,2023,281.0,0,5.641907070938114,established,mid
Entire home/apt,44,4.91,1,1,2,1,3,41.32642269232265,19.831041768193245,Center,1.375,1,1,18,2024,256.0,0,5.54907608489522,active,mid
Entire home/apt,18,5.0,1,1,1,1,3,41.33513214785321,19.83518745750189,Kinostudio,2.017,0,1,7,2025,303.0,0,5.717027701406222,active,premium
Entire home/apt,122,4.89,1,2,3,1,5,41.34486,19.83666,Liqeni,2.773,1,1,49,2021,511.0,0,6.238324625039508,established,luxury
Entire home/apt,115,4.89,1,1,1,1,3,41.33367,19.83464,Center,1.897,1,1,46,2022,289.0,0,5.66988092298052,established,mid
Entire home/apt,26,4.85,1,1,1,1,2,41.33251,19.84032,Kinostudio,2.463,0,1,10,2025,267.0,0,5.5909869805108565,active,mid
Entire home/apt,5,5.0,1,1,2,1,3,41.3418844,19.8308919,Liqeni,2.093,1,1,2,2025,418.0,0,6.037870919922137,early,premium
Entire home/apt,3,5.0,1,0,1,1,2,41.3340229036468,19.83427718281746,Center,1.875,1,1,1,2025,241.0,0,5.488937726156687,early,mid
Entire home/apt,51,5.0,1,1,2,1,3,41.32587,19.8311,Center,1.388,1,1,20,2024,388.0,0,5.963579343618446,established,premium
Entire home/apt,18,4.83,1,1,2,1,3,41.32705,19.83228,Center,1.508,1,1,7,2025,272.0,0,5.60947179518496,active,mid
Entire home/apt,13,5.0,1,1,1,1,4,41.32623158822357,19.832002334296703,Center,1.483,1,1,5,2025,374.0,0,5.926926025970411,active,premium
Entire home/apt,8,5.0,1,1,1,1,3,41.32843248075584,19.83893452380373,Kinostudio,2.248,0,1,3,2025,349.0,0,5.857933154483459,early,premium
Entire home/apt,0,4.92,0,1,1,1,2,41.32562782115322,19.8301324993372,Center,1.286,1,1,1,2025,253.0,0,5.537334267018537,new,mid
Entire home/apt,109,4.99,1,2,3,2,5,41.340955746553504,19.841954670846462,Kinostudio,2.982,0,1,44,2022,206.0,0,5.332718793265369,established,mid
Entire home/apt,0,4.92,1,1,1,1,3,41.32843159980319,19.84555386006832,Kinostudio,2.983,0,1,1,2025,245.0,0,5.5053315359323625,new,mid
Entire home/apt,93,4.92,1,1,2,1,3,41.326096,19.831585,Center,1.439,1,1,37,2022,231.0,0,5.44673737166631,established,mid
Entire home/apt,204,4.9,0,1,1,1,2,41.32986895014273,19.83403611928225,Center,1.722,1,1,82,2019,338.0,1,5.82600010738045,veteran,premium
Entire home/apt,154,4.97,1,2,3,3,5,41.34095378836523,19.842106481553987,Kinostudio,2.997,0,1,62,2020,206.0,1,5.332718793265369,veteran,mid
Entire home/apt,2,4.92,0,1,1,1,3,41.330777913897904,19.830357402980503,Center,1.344,1,1,1,2025,250.0,0,5.5254529391317835,early,mid
Entire home/apt,133,4.88,1,1,1,1,3,41.32691789592938,19.839284777771,Kinostudio,2.286,0,1,53,2021,624.0,0,6.437751649736401,established,luxury
Entire home/apt,96,4.92,1,1,1,1,2,41.3268255285531,19.84531916677952,Don Bosko,2.956,0,1,38,2022,248.0,0,5.517452896464707,established,mid
Entire home/apt,93,4.92,1,1,1,1,3,41.33216550257831,19.83383763581514,Center,1.758,1,1,37,2022,289.0,0,5.66988092298052,established,mid
Entire home/apt,16,5.0,1,3,7,3,7,41.332248869980944,19.834959835968025,Center,1.88,1,1,6,2025,703.0,0,6.556778356158042,active,luxury
Entire home/apt,2,4.92,0,0,1,1,3,41.3277903272282,19.83397962525487,Center,1.696,1,1,1,2025,495.0,0,6.206575926724928,early,premium
Entire home/apt,6,5.0,1,1,1,1,2,41.341189187368656,19.82680870444504,Bulevardi,1.766,1,1,2,2025,330.0,0,5.802118375377063,early,premium
Entire home/apt,3,5.0,0,2,2,1,3,41.340625499887096,19.82931207865477,Bulevardi,1.874,1,1,1,2025,396.0,0,5.983936280687191,early,premium
Entire home/apt,14,4.71,0,1,3,1,4,41.34854,19.8435,Liqeni,3.61,1,1,6,2025,197.0,0,5.288267030694535,active,mid
Entire home/apt,4,5.0,1,1,1,1,3,41.34216,19.82663,Bulevardi,1.85,1,1,2,2025,324.0,0,5.783825182329737,early,premium
Entire home/apt,1,4.92,0,1,1,1,3,41.34574661830919,19.835409075021744,Liqeni,2.746,1,1,1,2025,289.0,0,5.66988092298052,early,mid
Entire home/apt,0,4.92,0,1,1,1,3,41.34493008560364,19.826723411679268,Laprake,2.13,0,1,1,2025,440.0,0,6.089044875446846,new,premium
Entire home/apt,9,5.0,1,1,1,1,3,41.34203544517744,19.833383302805828,Liqeni,2.293,1,1,4,2025,330.0,0,5.802118375377063,early,premium
Entire home/apt,6,5.0,0,1,1,1,2,41.3416883,19.8411131,Kinostudio,2.944,0,1,2,2025,422.0,0,6.0473721790462776,early,premium
Entire home/apt,5,4.8,0,1,1,1,2,41.34369,19.82851,Laprake,2.101,0,1,2,2025,327.0,0,5.793013608384144,early,premium
Entire home/apt,54,4.74,1,1,1,1,3,41.340122545643496,19.828911423683167,Bulevardi,1.802,1,1,22,2024,285.0,0,5.655991810819852,established,mid
Entire home/apt,20,4.85,0,2,4,2,5,41.34396,19.831335,Liqeni,2.303,1,1,8,2025,421.0,0,6.045005314036012,active,premium
Entire home/apt,3,5.0,0,1,1,1,4,41.34161753647864,19.827860668301582,Bulevardi,1.868,1,1,1,2025,511.0,0,6.238324625039508,early,luxury
Entire home/apt,4,5.0,0,1,2,1,4,41.34060838265522,19.84217260032892,Kinostudio,2.984,0,1,2,2025,303.0,0,5.717027701406222,early,premium
Entire home/apt,1,4.92,0,1,1,1,3,41.34075,19.82881,Bulevardi,1.85,1,1,1,2025,371.0,0,5.918893854273146,early,premium
Entire home/apt,2,4.92,1,1,1,1,2,41.34239,19.82649,Laprake,1.865,0,1,1,2025,330.0,0,5.802118375377063,early,premium
Entire home/apt,0,4.92,0,1,1,1,2,41.34288378755253,19.828882893917857,Laprake,2.048,0,1,1,2025,300.0,0,5.707110264748875,new,mid
Entire home/apt,1,4.92,0,1,1,1,3,41.342999,19.828182,Laprake,2.017,0,1,1,2025,450.0,0,6.111467339502679,early,premium
Entire home/apt,22,4.91,1,2,3,1,5,41.34141,19.82862,Bulevardi,1.896,1,1,9,2025,602.0,0,6.401917196727186,active,luxury
Entire home/apt,1,4.92,0,1,1,1,3,41.34677,19.83897,Liqeni,3.104,1,1,1,2025,317.0,0,5.762051382780177,early,premium
Entire home/apt,1,4.92,1,1,2,1,3,41.341977,19.830868,Liqeni,2.099,1,1,1,2025,454.0,0,6.12029741895095,early,premium
Entire home/apt,18,4.83,1,1,1,1,2,41.34066220635876,19.82863635396728,Bulevardi,1.831,1,1,7,2025,330.0,0,5.802118375377063,active,premium
Entire home/apt,0,4.92,0,1,1,1,3,41.34351346165352,19.826564423166005,Laprake,1.98,0,1,1,2025,310.0,0,5.739792912179234,new,premium
Entire home/apt,1,4.92,0,1,3,1,4,41.34108,19.83025,Bulevardi,1.979,1,1,1,2025,487.0,0,6.1903154058531475,early,premium
Entire home/apt,4,5.0,0,1,2,1,2,41.34403752885091,19.828321002423763,Laprake,2.124,0,1,2,2025,411.0,0,6.021023349349527,early,premium
Entire home/apt,132,4.71,1,2,5,1,6,41.34056,19.82827,Bulevardi,1.797,1,1,53,2021,368.0,0,5.910796644040527,established,premium
Entire home/apt,6,5.0,0,2,4,1,5,41.350220859463846,19.825333092151563,Laprake,2.627,0,1,2,2025,404.0,0,6.003887067106539,early,premium
Entire home/apt,0,4.92,1,1,2,1,3,41.34721399446358,19.832602676933988,Laprake,2.678,0,1,1,2025,312.0,0,5.746203190540153,new,premium
Entire home/apt,5,5.0,0,2,3,1,5,41.34339691895951,19.83519751578569,Liqeni,2.543,1,1,2,2025,336.0,0,5.820082930352362,early,premium
Entire home/apt,1,4.92,0,1,2,1,3,41.34201,19.82769,Laprake,1.895,0,1,1,2025,457.0,0,6.126869184114185,early,premium
Entire home/apt,0,4.92,0,1,1,1,4,41.341153968293845,19.826913362980896,Bulevardi,1.769,1,1,1,2025,340.0,0,5.831882477283517,new,premium
Entire home/apt,1,4.92,0,1,1,1,3,41.34377292361792,19.835399743552127,Liqeni,2.588,1,1,1,2025,562.0,0,6.333279628139691,early,luxury
Entire home/apt,52,4.9,1,2,3,2,4,41.35655,19.83463,Laprake,3.678,0,1,21,2024,219.0,0,5.393627546352361,established,mid
Entire home/apt,12,4.92,1,1,1,1,2,41.34800935538988,19.833234200233527,Laprake,2.79,0,1,5,2025,319.0,0,5.768320995793772,active,premium
Entire home/apt,30,4.93,1,1,1,1,2,41.34707,19.8337,Laprake,2.737,0,1,12,2024,493.0,0,6.202535517187923,active,premium
Entire home/apt,1,4.92,0,0,2,0,3,41.3410095,19.8417414,Kinostudio,2.965,0,1,1,2025,703.0,0,6.556778356158042,early,luxury
Entire home/apt,1,4.92,0,1,1,1,3,41.3456,19.83951,Liqeni,3.061,1,1,1,2025,396.0,0,5.983936280687191,early,premium
Entire home/apt,2,4.92,1,1,2,1,3,41.34777975948686,19.832831944919786,Laprake,2.744,0,1,1,2025,389.0,0,5.966146739123692,early,premium
Entire home/apt,2,4.92,0,3,4,2,7,41.34893649118527,19.82639671202812,Laprake,2.528,0,1,1,2025,440.0,0,6.089044875446846,early,premium
Entire home/apt,2,4.92,0,1,2,1,4,41.34513227633232,19.838545307472245,Liqeni,2.947,1,1,1,2025,460.0,0,6.133398042996649,early,premium
Entire home/apt,4,5.0,0,2,4,2,5,41.34189631048194,19.83633036050133,Liqeni,2.527,1,1,2,2025,654.0,0,6.484635235635252,early,luxury
Entire home/apt,14,4.86,1,1,3,2,3,41.34299,19.83296,Liqeni,2.337,1,1,6,2025,272.0,0,5.60947179518496,active,mid
Entire home/apt,104,4.88,0,2,1,2,5,41.34041445423596,19.829283125259963,Bulevardi,1.853,1,1,42,2022,462.0,0,6.137727054086234,established,premium
Entire home/apt,5,5.0,0,1,2,1,2,41.34208,19.83627,Liqeni,2.534,1,1,2,2025,197.0,0,5.288267030694535,early,mid
Entire home/apt,6,5.0,0,1,2,1,3,41.34325,19.835119,Liqeni,2.525,1,1,2,2025,338.0,0,5.82600010738045,early,premium
Entire home/apt,4,4.5,0,1,2,1,2,41.34257,19.83406,Liqeni,2.389,1,1,2,2025,334.0,0,5.814130531825066,early,premium
Entire home/apt,13,4.92,0,1,1,1,3,41.34044827269814,19.829172268509865,Bulevardi,1.848,1,1,5,2025,314.0,0,5.752572638825633,active,premium
Entire home/apt,10,4.9,1,1,2,1,2,41.34743,19.83246,Laprake,2.688,0,1,4,2025,279.0,0,5.634789603169249,early,mid
Entire home/apt,6,4.83,1,1,1,1,3,41.34771,19.8325,Laprake,2.716,0,1,2,2025,366.0,0,5.905361848054571,early,premium
Entire home/apt,2,4.92,0,2,6,2,5,41.34459,19.83572,Liqeni,2.677,1,1,1,2025,411.0,0,6.021023349349527,early,premium
Entire home/apt,4,5.0,1,2,3,1,4,41.34807,19.8333,Laprake,2.8,0,1,2,2025,458.0,0,6.129050210060545,early,premium
Entire home/apt,0,4.92,0,1,1,1,2,41.34064,19.82942,Bulevardi,1.882,1,1,1,2025,562.0,0,6.333279628139691,new,luxury
Entire home/apt,3,5.0,0,1,1,1,3,41.34287,19.83188,Liqeni,2.247,1,1,1,2025,527.0,0,6.269096283706261,early,luxury
Entire home/apt,3,5.0,0,1,2,1,3,41.31754688776997,19.84161767774273,Don Bosko,2.773,0,1,1,2025,459.0,0,6.131226489483141,early,premium
Private room,23,4.87,1,1,1,1,2,41.316731751740114,19.85568221658468,Don Bosko,4.276,0,0,9,2025,274.0,0,5.616771097666572,active,mid
Entire home/apt,36,4.94,1,1,1,1,2,41.32336,19.84928,Don Bosko,3.425,0,1,14,2024,404.0,0,6.003887067106539,active,premium
Entire home/apt,44,4.95,1,1,2,1,3,41.328674,19.846384,Don Bosko,3.076,0,1,18,2024,289.0,0,5.66988092298052,active,mid
Entire home/apt,5,5.0,0,2,4,0,5,41.3105,19.84327,Don Bosko,3.316,0,1,2,2025,341.0,0,5.834810737062605,early,premium
Entire home/apt,16,4.44,0,1,2,1,3,41.32236,19.84103,Don Bosko,2.543,0,1,6,2025,314.0,0,5.752572638825633,active,premium
Private room,0,4.89,1,1,3,1,5,41.31784991395302,19.85540816898705,Don Bosko,4.213,0,0,1,2025,352.0,0,5.8664680569332965,new,premium
Entire home/apt,28,4.93,0,1,1,1,3,41.32201458930732,19.8569143563509,Don Bosko,4.285,0,1,11,2025,255.0,0,5.545177444479562,active,mid
Entire home/apt,3,5.0,0,2,2,2,5,41.31949300424682,19.85569830983877,Don Bosko,4.202,0,1,1,2025,567.0,0,6.342121418721152,early,luxury
Entire home/apt,1,4.92,0,1,1,1,3,41.325354097245175,19.84896872118844,Don Bosko,3.368,0,1,1,2025,426.0,0,6.056784013228625,early,premium
Entire home/apt,0,4.92,0,2,2,1,4,41.32514736228255,19.84536949405971,Don Bosko,2.972,0,1,1,2025,330.0,0,5.802118375377063,new,premium
Private room,5,4.8,1,1,1,1,2,41.316146889852895,19.85662205508694,Don Bosko,4.394,0,0,2,2025,274.0,0,5.616771097666572,early,mid
Private room,3,4.67,1,1,1,1,2,41.3176611198839,19.8561621521152,Don Bosko,4.299,0,0,1,2025,274.0,0,5.616771097666572,early,mid
Private room,1,4.92,1,1,1,1,2,41.31763005966109,19.854798706099253,Don Bosko,4.154,0,0,1,2025,274.0,0,5.616771097666572,early,mid
Private room,0,4.89,1,1,1,1,2,41.31570581429549,19.85467346740822,Don Bosko,4.202,0,0,1,2025,274.0,0,5.616771097666572,new,mid
Entire home/apt,5,5.0,1,1,1,1,2,41.32266,19.84964,Don Bosko,3.476,0,1,2,2025,454.0,0,6.12029741895095,early,premium
Entire home/apt,1,4.92,1,1,2,1,3,41.32739403953457,19.845916463047004,Don Bosko,3.021,0,1,1,2025,351.0,0,5.863631175598097,early,premium
Private room,2,4.92,1,1,2,1,5,41.31668315820754,19.855684228241444,Don Bosko,4.277,0,0,1,2025,347.0,0,5.8522024797744745,early,premium
Entire home/apt,1,4.92,0,1,1,1,2,41.32526622390876,19.8495791767212,Don Bosko,3.437,0,1,1,2025,352.0,0,5.8664680569332965,early,premium
Entire home/apt,17,5.0,0,2,3,1,5,41.32370391401028,19.841543622314934,Don Bosko,2.57,0,1,7,2025,365.0,0,5.902633333401366,active,premium
Private room,0,4.89,1,1,1,1,2,41.317346961451626,19.854687123125235,Don Bosko,4.151,0,0,1,2025,274.0,0,5.616771097666572,new,mid
Entire home/apt,0,4.92,1,1,2,1,4,41.32255,19.84973,Don Bosko,3.488,0,1,1,2025,594.0,0,6.38856140554563,new,luxury
Entire home/apt,0,4.92,1,1,2,1,3,41.32371993858192,19.84863774991058,Don Bosko,3.349,0,1,1,2025,577.0,0,6.359573868672378,new,luxury
Entire home/apt,1,4.92,0,1,1,1,3,41.318065166667466,19.84275079135307,Don Bosko,2.868,0,1,1,2025,231.0,0,5.44673737166631,early,mid
Entire home/apt,1,4.92,1,1,1,1,2,41.32282,19.84952,Don Bosko,3.46,0,1,1,2025,454.0,0,6.12029741895095,early,premium
Entire home/apt,10,4.9,1,1,4,1,3,41.32817352643136,19.847560804896165,Don Bosko,3.204,0,1,4,2025,224.0,0,5.41610040220442,early,mid
Entire home/apt,0,4.92,0,4,4,6,8,41.31609161919168,19.858190082013607,Ali Demi,4.563,0,1,1,2025,347.0,0,5.8522024797744745,new,premium
Private room,1,4.92,0,1,4,1,2,41.320988353262265,19.856820957285585,Don Bosko,4.293,0,0,1,2025,206.0,0,5.332718793265369,early,mid
Entire home/apt,28,4.96,0,2,3,1,4,41.32182,19.84129,Don Bosko,2.586,0,1,11,2025,426.0,0,6.056784013228625,active,premium
Private room,2,4.92,0,1,3,1,3,41.32081276997039,19.85772618727349,Don Bosko,4.395,0,0,1,2025,206.0,0,5.332718793265369,early,mid
Entire home/apt,211,4.83,1,1,1,1,2,41.32244,19.84044,Don Bosko,2.478,0,1,84,2018,206.0,1,5.332718793265369,veteran,mid
Entire home/apt,7,5.0,0,1,2,1,2,41.3276343989882,19.84503192869196,Kinostudio,2.923,0,1,3,2025,321.0,0,5.7745515455444085,early,premium
Entire home/apt,3,5.0,0,1,2,1,2,41.32404,19.84094,Kinostudio,2.498,0,1,1,2025,231.0,0,5.44673737166631,early,mid
Entire home/apt,0,4.92,1,1,2,1,4,41.32212813100048,19.85030988663343,Don Bosko,3.559,0,1,1,2025,577.0,0,6.359573868672378,new,luxury
Entire home/apt,0,4.92,0,2,2,2,4,41.3287914,19.8456044,Kinostudio,2.99,0,1,1,2025,281.0,0,5.641907070938114,new,mid
Entire home/apt,0,4.92,0,2,3,1,4,41.3184691,19.8414622,Don Bosko,2.718,0,1,1,2025,352.0,0,5.8664680569332965,new,premium
Entire home/apt,2,4.92,0,1,1,1,3,41.32871232899708,19.845753349363804,Kinostudio,3.006,0,1,1,2025,322.0,0,5.777652323222656,early,premium
Entire home/apt,1,4.92,0,1,2,1,3,41.32787292238636,19.848108999431133,Don Bosko,3.265,0,1,1,2025,327.0,0,5.793013608384144,early,premium
Entire home/apt,38,4.87,0,2,3,1,5,41.323818,19.843006,Don Bosko,2.729,0,1,15,2024,268.0,0,5.594711379601839,active,mid
Entire home/apt,1,4.92,0,1,5,1,4,41.31798831020747,19.840361773967743,Don Bosko,2.626,0,1,1,2025,419.0,0,6.040254711277414,early,premium
Entire home/apt,0,4.92,1,1,2,1,4,41.32259,19.84965,Don Bosko,3.478,0,1,1,2025,594.0,0,6.38856140554563,new,luxury
Entire home/apt,1,4.92,1,1,2,1,3,41.34424192974262,19.8663920826518,Astir,5.611,0,1,1,2025,557.0,0,6.324358962381311,early,luxury
Entire home/apt,26,5.0,1,2,3,1,4,41.34477,19.85585,Astir,4.547,0,1,10,2025,371.0,0,5.918893854273146,active,premium
Entire home/apt,2,4.92,0,1,2,1,3,41.3495389335421,19.85669005662203,Astir,4.875,0,1,1,2025,255.0,0,5.545177444479562,early,mid
Entire home/apt,1,4.92,0,2,2,2,5,41.3488455,19.8572341,Astir,4.89,0,1,1,2025,264.0,0,5.579729825986222,early,mid
Entire home/apt,11,4.64,0,1,1,1,2,41.34512338432539,19.862683787941933,Astir,5.26,0,1,4,2025,281.0,0,5.641907070938114,active,mid
Entire home/apt,3,5.0,0,1,1,1,3,41.34562101915586,19.85065173357725,Astir,4.077,0,1,1,2025,501.0,0,6.218600119691729,early,luxury
Entire home/apt,62,4.9,1,2,1,1,5,41.337462760121056,19.85026180744171,Kinostudio,3.674,0,1,25,2023,495.0,0,6.206575926724928,established,premium
Entire home/apt,3,4.67,0,1,1,1,3,41.34512,19.86408,Astir,5.404,0,1,1,2025,278.0,0,5.631211781821365,early,mid
Entire home/apt,3,3.67,0,1,2,1,3,41.34433,19.85107,Astir,4.05,0,1,1,2025,253.0,0,5.537334267018537,early,mid
Entire home/apt,0,4.92,0,1,1,1,4,41.33546144537127,19.86120764199361,Astir,4.8,0,1,1,2025,255.0,0,5.545177444479562,new,mid
Entire home/apt,28,4.68,0,3,4,2,6,41.34487275030076,19.856560262178714,Astir,4.624,0,1,11,2025,326.0,0,5.7899601708972535,active,premium
Entire home/apt,0,4.92,0,1,1,1,3,41.344972629939306,19.85186841134428,Astir,4.161,0,1,1,2025,462.0,0,6.137727054086234,new,premium
Entire home/apt,2,4.92,0,2,4,1,6,41.33437136942441,19.858196452260017,Astir,4.45,0,1,1,2025,364.0,0,5.8998973535824915,early,premium
Private room,4,4.75,0,1,1,1,2,41.34624,19.85569,Astir,4.603,0,0,2,2025,412.0,0,6.023447592961033,early,premium
Entire home/apt,41,4.8,1,1,1,2,2,41.33928,19.85918,Astir,4.68,0,1,16,2024,190.5,0,5.254887808620701,active,mid
Entire home/apt,0,4.92,0,1,3,1,3,41.347429944541645,19.854755037412325,Astir,4.573,0,1,1,2025,317.0,0,5.762051382780177,new,premium
Entire home/apt,0,4.92,0,1,1,1,3,41.344,19.86625,Astir,5.587,0,1,1,2025,362.0,0,5.8944028342648505,new,premium
Entire home/apt,2,4.92,0,1,1,1,2,41.34501955236826,19.863250024945057,Astir,5.314,0,1,1,2025,347.0,0,5.8522024797744745,early,premium
Entire home/apt,2,4.92,0,2,2,1,4,41.3449322144982,19.852650911639387,Astir,4.236,0,1,1,2025,422.0,0,6.0473721790462776,early,premium
Entire home/apt,0,4.92,1,1,2,1,3,41.34456126661111,19.867175264051472,Astir,5.704,0,1,1,2025,501.0,0,6.218600119691729,new,luxury
Entire home/apt,0,4.92,1,1,2,1,3,41.34423132548223,19.86643007842996,Astir,5.614,0,1,1,2025,501.0,0,6.218600119691729,new,luxury
Entire home/apt,0,4.92,1,1,2,1,3,41.34423203397032,19.866421628175623,Astir,5.613,0,1,1,2025,557.0,0,6.324358962381311,new,luxury
Entire home/apt,2,4.92,0,0,1,1,2,41.34961216696621,19.85892131924629,Astir,5.095,0,1,1,2025,189.0,0,5.247024072160486,early,mid
Entire home/apt,0,4.92,0,1,4,1,4,41.34698726062928,19.85930487513542,Astir,4.999,0,1,1,2025,290.0,0,5.673323267171493,new,mid
Entire home/apt,0,4.92,0,2,2,2,3,41.334038,19.850073,Kinostudio,3.557,0,1,1,2025,742.0,0,6.610696044717759,new,luxury
Entire home/apt,2,4.92,0,1,1,1,4,41.3377531,19.8565332,Astir,4.351,0,1,1,2025,469.0,0,6.152732694704104,early,premium
Entire home/apt,0,4.92,0,1,3,1,4,41.34911,19.8637,Astir,5.541,0,1,1,2025,352.0,0,5.8664680569332965,new,premium
Entire home/apt,0,4.92,0,1,3,1,4,41.34614746206669,19.855907777956624,Astir,4.62,0,1,1,2025,281.0,0,5.641907070938114,new,mid
Private room,4,4.25,0,1,1,1,2,41.34655,19.859829,Astir,5.031,0,0,2,2025,577.0,0,6.359573868672378,early,luxury
Entire home/apt,4,5.0,0,2,4,2,6,41.345324394291765,19.85849324317574,Astir,4.84,0,1,2,2025,287.0,0,5.662960480135946,early,mid
Entire home/apt,8,4.13,0,1,3,1,4,41.3333854,19.8656758,Astir,5.255,0,1,3,2025,352.0,0,5.8664680569332965,early,premium
Entire home/apt,0,4.92,0,2,2,1,4,41.34909,19.86371,Astir,5.541,0,1,1,2025,303.0,0,5.717027701406222,new,premium
Entire home/apt,2,4.92,0,2,3,1,4,41.34899406850455,19.863256971072705,Astir,5.491,0,1,1,2025,339.0,0,5.8289456176102075,early,premium
Entire home/apt,18,5.0,0,2,2,2,4,41.33607,19.85,Kinostudio,3.602,0,1,7,2025,421.0,0,6.045005314036012,active,premium
Entire home/apt,0,4.92,0,2,3,1,5,41.34954282229664,19.859732386776425,Astir,5.17,0,1,1,2025,251.0,0,5.529429087511423,new,mid
Entire home/apt,0,4.92,0,2,1,1,4,41.33866050763473,19.85846199095249,Astir,4.584,0,1,1,2025,562.0,0,6.333279628139691,new,luxury
Entire home/apt,49,4.94,1,2,3,1,4,41.3427,19.85469,Astir,4.337,0,1,20,2024,253.0,0,5.537334267018537,active,mid
Entire home/apt,13,5.0,1,1,1,1,2,41.34068457689709,19.86000560224056,Astir,4.813,0,1,5,2025,223.0,0,5.4116460518550396,active,mid
Entire home/apt,9,5.0,0,2,3,1,4,41.34984,19.86764,Astir,5.972,0,1,4,2025,544.0,0,6.300785794663244,early,luxury
Entire home/apt,2,4.92,0,2,3,1,5,41.34420466326447,19.85615266139294,Astir,4.552,0,1,1,2025,355.0,0,5.87493073085203,early,premium
Private room,0,4.89,0,1,1,1,2,41.34864874594475,19.85547029324605,Astir,4.708,0,0,1,2025,412.0,0,6.023447592961033,new,premium
Entire home/apt,0,4.92,0,1,1,1,4,41.34757,19.85362,Astir,4.471,0,1,1,2025,234.17,0,5.46030865686874,new,mid
Entire home/apt,0,4.92,0,1,2,1,4,41.33661,19.85685,Astir,4.354,0,1,1,2025,484.83,0,6.185858768469536,new,premium
Entire home/apt,0,4.92,0,1,1,2,4,41.349461,19.858547,Astir,5.05,0,1,1,2025,416.5,0,6.0342845442909105,new,premium
Entire home/apt,0,4.92,0,2,2,1,5,41.34003372960781,19.860061278045883,Astir,4.797,0,1,1,2025,562.0,0,6.333279628139691,new,luxury
Entire home/apt,45,4.89,1,2,2,1,4,41.36718,19.78261,Kashar,5.954,0,1,18,2024,371.0,0,5.918893854273146,active,premium
Entire home/apt,197,4.92,1,2,3,1,6,41.36919,19.78927,Kashar,5.664,0,1,79,2019,412.0,1,6.023447592961033,veteran,premium
Entire home/apt,26,4.85,1,1,1,1,4,41.36726,19.78426,Kashar,5.839,0,1,10,2025,371.0,0,5.918893854273146,active,premium
Entire home/apt,4,5.0,1,1,1,1,2,41.36264283825943,19.77793570607901,Kashar,5.974,0,1,2,2025,330.0,0,5.802118375377063,early,premium
Entire home/apt,138,4.93,1,2,2,1,5,41.35426549629021,19.777307733893394,Kashar,5.471,0,1,55,2021,377.0,0,5.934894195619588,established,premium
Private room,7,4.71,1,1,1,1,2,41.36262622797351,19.777934700250626,Kashar,5.973,0,0,3,2025,330.0,0,5.802118375377063,early,premium
Entire home/apt,105,4.89,1,2,3,1,5,41.35409989640598,19.77724201977253,Kashar,5.468,0,1,42,2022,340.0,0,5.831882477283517,established,premium
Entire home/apt,32,4.84,1,2,4,1,7,41.37746,19.78188,Kashar,6.889,0,1,13,2024,454.0,0,6.12029741895095,active,premium
Entire home/apt,8,5.0,0,2,7,1,8,41.35869,19.77559,Kashar,5.906,0,1,3,2025,742.0,0,6.610696044717759,early,luxury
Entire home/apt,0,4.92,0,1,1,1,4,41.35019659544341,19.79705516248941,Selvia,3.481,0,1,1,2025,525.0,0,6.26530121273771,new,luxury
Private room,1,4.92,0,1,2,2,4,41.37327,19.79778,Kashar,5.586,0,0,1,2025,352.0,0,5.8664680569332965,early,premium
Hotel room,3,4.33,0,5,8,5,2,41.37864,19.79838,Bathore,6.108,0,0,1,2025,371.0,0,5.918893854273146,early,premium
Private room,6,4.83,0,1,2,1,3,41.37213119799006,19.797007888555527,Kashar,5.508,0,0,2,2025,352.0,0,5.8664680569332965,early,premium
Private room,0,4.89,0,1,4,1,6,41.366483833227285,19.78683501474493,Kashar,5.589,0,0,1,2025,668.0,0,6.505784060128229,new,luxury
Entire home/apt,0,4.92,0,1,3,1,5,41.35948843679689,19.775023160754344,Kashar,6.009,0,1,1,2025,317.0,0,5.762051382780177,new,premium
Entire home/apt,0,4.92,0,1,1,2,3,41.37849,19.78422,Kashar,6.832,0,1,1,2025,522.0,0,6.259581464064923,new,luxury
Private room,10,5.0,1,1,1,1,2,41.36252532415542,19.77802287787199,Kashar,5.958,0,0,4,2025,371.0,0,5.918893854273146,early,premium
Entire home/apt,26,4.85,0,2,3,1,5,41.36348,19.77154,Mezez,6.584,0,1,10,2025,476.0,0,6.1675164908883415,active,premium
Entire home/apt,0,4.92,0,2,2,1,4,41.3608,19.78064,Kashar,5.613,0,1,1,2025,495.0,0,6.206575926724928,new,premium
Entire home/apt,0,4.92,0,2,4,2,4,41.36379,19.77202,Mezez,6.563,0,1,1,2025,330.0,0,5.802118375377063,new,premium
Entire home/apt,0,4.92,0,1,2,1,2,41.3582595,19.7789639,Kashar,5.578,0,1,1,2025,319.0,0,5.768320995793772,new,premium
Entire home/apt,2,4.92,1,2,4,1,6,41.37972511972424,19.78252312168479,Kashar,7.052,0,1,1,2025,541.0,0,6.295266001439646,early,luxury
Entire home/apt,0,4.92,0,2,3,1,4,41.35317700472492,19.772057980299,Kashar,5.91,0,1,1,2025,404.0,0,6.003887067106539,new,premium
Private room,0,4.89,0,1,3,1,9,41.37417,19.7985102,Kashar,5.644,0,0,1,2025,317.0,0,5.762051382780177,new,premium
Entire home/apt,0,4.92,0,1,1,1,3,41.35476074911978,19.78125426918268,Kashar,5.141,0,1,1,2025,562.0,0,6.333279628139691,new,luxury
Entire home/apt,0,4.92,0,2,2,1,4,41.36465,19.77055,Mezez,6.751,0,1,1,2025,461.0,0,6.135564891081739,new,premium
Entire home/apt,0,4.92,0,2,4,1,8,41.35187,19.79144,Kashar,4.059,0,1,1,2025,686.0,0,6.532334292222349,new,luxury
Entire home/apt,85,4.91,1,3,6,2,8,41.37594,19.78429,Kashar,6.595,0,1,34,2023,610.0,0,6.415096959171596,established,luxury
Entire home/apt,4,5.0,0,3,5,1,8,41.35265695159822,19.784033274415368,Kashar,4.754,0,1,2,2025,419.0,0,6.040254711277414,early,premium
Entire home/apt,23,4.78,0,3,4,2,9,41.37845,19.78475,Kashar,6.796,0,1,9,2025,642.0,0,6.466144724237619,active,luxury
Entire home/apt,54,4.93,1,1,1,1,3,41.34564768950422,19.81046587228775,Selvia,2.212,0,1,22,2024,312.0,0,5.746203190540153,established,premium
Entire home/apt,0,4.92,1,1,1,1,2,41.345120631314856,19.82279598712921,Laprake,2.008,0,1,1,2025,305.0,0,5.723585101952381,new,premium
Entire home/apt,0,4.92,0,1,1,1,4,41.345770935689,19.80995870288804,Selvia,2.248,0,1,1,2025,412.0,0,6.023447592961033,new,premium
Entire home/apt,0,4.92,0,1,3,1,3,41.34556665386449,19.824713431298733,Laprake,2.114,0,1,1,2025,281.0,0,5.641907070938114,new,mid
Entire home/apt,1,4.92,0,1,1,1,3,41.34941550850856,19.82232797409768,Fresku,2.466,0,1,1,2025,317.0,0,5.762051382780177,early,premium
Entire home/apt,0,4.92,0,1,1,1,3,41.34503805354071,19.80960488319397,Selvia,2.193,0,1,1,2025,330.0,0,5.802118375377063,new,premium
Entire home/apt,0,4.92,0,3,4,2,8,41.35465731533013,19.819974283605973,Fresku,3.018,0,1,1,2025,576.83,0,6.359279707764241,new,luxury
Entire home/apt,5,5.0,0,1,3,1,3,41.34865721749687,19.82826513658937,Laprake,2.577,0,1,2,2025,248.0,0,5.517452896464707,early,mid
Entire home/apt,1,4.92,0,1,1,1,3,41.34499981022937,19.80972725898028,Selvia,2.183,0,1,1,2025,495.0,0,6.206575926724928,early,premium
Entire home/apt,1,4.92,0,1,1,1,3,41.3451489,19.8269119,Laprake,2.161,0,1,1,2025,232.0,0,5.4510384535657,early,mid
Entire home/apt,0,4.92,0,1,2,1,4,41.34924521002683,19.829914573294065,Laprake,2.716,0,1,1,2025,405.0,0,6.0063531596017325,new,premium
Entire home/apt,0,4.92,0,1,1,1,3,41.34603859877733,19.818115197122097,Fresku,2.059,0,1,1,2025,197.0,0,5.288267030694535,new,mid
Entire home/apt,10,4.8,0,1,1,1,2,41.34613,19.81785,Fresku,2.07,0,1,4,2025,495.0,0,6.206575926724928,early,premium
Entire home/apt,2,4.92,0,1,1,1,2,41.34589890343954,19.818180240690708,Fresku,2.043,0,1,1,2025,190.0,0,5.25227342804663,early,mid
Entire home/apt,1,4.92,0,1,2,1,3,41.34542175437958,19.81218705084823,Selvia,2.117,0,1,1,2025,412.0,0,6.023447592961033,early,premium
Entire home/apt,0,4.92,0,1,1,1,2,41.34616,19.81406,Selvia,2.134,0,1,1,2025,466.0,0,6.1463292576688975,new,premium
Entire home/apt,0,4.92,0,1,2,1,3,41.34934343341448,19.828942444531624,Laprake,2.678,0,1,1,2025,327.0,0,5.793013608384144,new,premium
Private room,0,4.89,0,2,3,1,4,41.35488460111425,19.82349269092083,Fresku,3.086,0,0,1,2025,338.0,0,5.82600010738045,new,premium
Private room,0,4.89,0,1,1,1,2,41.34581782129474,19.81014698836608,Selvia,2.244,0,0,1,2025,528.0,0,6.270988431858299,new,luxury
Entire home/apt,0,4.92,0,1,2,1,4,41.34960585045854,19.82844133135565,Laprake,2.681,0,1,1,2025,327.0,0,5.793013608384144,new,premium
Entire home/apt,0,4.92,0,1,2,1,4,41.34934185916289,19.82990384445801,Laprake,2.725,0,1,1,2025,327.0,0,5.793013608384144,new,premium
Entire home/apt,0,4.92,0,1,1,1,3,41.34606653780891,19.818224161863327,Fresku,2.062,0,1,1,2025,186.0,0,5.231108616854587,new,mid
Entire home/apt,0,4.92,0,1,2,1,4,41.34924768962025,19.829918028513536,Laprake,2.716,0,1,1,2025,327.0,0,5.793013608384144,new,premium
Entire home/apt,0,4.92,0,1,2,1,3,41.345878380456746,19.817368365606708,Fresku,2.045,0,1,1,2025,417.0,0,6.035481432524756,new,premium
Entire home/apt,1,4.92,0,1,1,1,3,41.34914,19.82267,Laprake,2.442,0,1,1,2025,293.0,0,5.683579767338681,early,mid
Entire home/apt,0,4.92,0,1,1,1,3,41.34594672710244,19.81798510998487,Fresku,2.049,0,1,1,2025,197.0,0,5.288267030694535,new,mid
Entire home/apt,1,4.92,0,2,2,1,2,41.35002092250912,19.82271753251553,Fresku,2.539,0,1,1,2025,725.0,0,6.587550014824796,early,luxury
Entire home/apt,0,4.92,0,3,1,2,12,41.35832842277665,19.828103708858933,Laprake,3.578,0,1,1,2025,656.0,0,6.487684018484611,new,luxury
Entire home/apt,4,4.75,0,1,1,1,2,41.34591,19.8177,Fresku,2.047,0,1,2,2025,218.0,0,5.389071729816501,early,mid
Entire home/apt,0,4.92,0,1,1,1,2,41.34608214338892,19.81822952628136,Fresku,2.063,0,1,1,2025,192.0,0,5.262690188904886,new,mid
Entire home/apt,0,4.92,0,4,4,2,12,41.35806888551019,19.82111692428589,Fresku,3.404,0,1,1,2025,247.17,0,5.514113995199193,new,mid
Entire home/apt,0,4.92,0,1,1,1,4,41.35048,19.82275,Fresku,2.59,0,1,1,2025,225.0,0,5.420534999272286,new,mid
Entire home/apt,2,4.92,0,1,1,1,2,41.34594597199224,19.8182962462306,Fresku,2.048,0,1,1,2025,204.0,0,5.3230099791384085,early,mid
Entire home/apt,2,4.92,0,1,1,1,2,41.3451489,19.8269119,Laprake,2.161,0,1,1,2025,218.0,0,5.389071729816501,early,mid
Entire home/apt,0,4.92,0,2,5,2,6,41.3566,19.82976,Laprake,3.456,0,1,1,2025,680.0,0,6.523562306149512,new,luxury
Entire home/apt,0,4.92,0,1,1,1,4,41.35059,19.82236,Fresku,2.595,0,1,1,2025,246.0,0,5.5093883366279774,new,mid
Entire home/apt,0,4.92,0,3,3,2,4,41.35790299803335,19.82066565221056,Fresku,3.382,0,1,1,2025,305.0,0,5.723585101952381,new,premium
Entire home/apt,7,5.0,0,2,3,1,6,41.35101985289108,19.82285868376493,Fresku,2.651,0,1,3,2025,660.0,0,6.493753839851687,early,luxury
Entire home/apt,0,4.92,0,3,3,2,6,41.3501884,19.8266665,Laprake,2.669,0,1,1,2025,441.0,0,6.091309882077698,new,premium
Entire home/apt,14,5.0,1,1,2,1,3,41.34557275450034,19.810640373541275,Selvia,2.197,0,1,6,2025,337.0,0,5.823045895483019,active,premium
Entire home/apt,0,4.92,0,1,1,1,2,41.3451489,19.8269119,Laprake,2.161,0,1,1,2025,186.0,0,5.231108616854587,new,mid
Entire home/apt,0,4.92,0,1,2,1,4,41.34924118297637,19.829995039564512,Laprake,2.72,0,1,1,2025,327.0,0,5.793013608384144,new,premium
Entire home/apt,0,4.92,0,1,1,1,4,41.35084389713155,19.828781074839704,Laprake,2.822,0,1,1,2025,327.0,0,5.793013608384144,new,premium
Entire home/apt,2,4.92,0,1,1,1,2,41.3459813,19.8183809,Fresku,2.052,0,1,1,2025,204.0,0,5.3230099791384085,early,mid
Entire home/apt,8,5.0,0,1,3,1,2,41.29876,19.87379,Sauk,6.897,0,1,3,2025,286.0,0,5.659482215759621,early,mid
Entire home/apt,8,4.75,0,1,2,1,2,41.31599,19.87088,Ali Demi,5.931,0,1,3,2025,723.0,0,6.584791392385716,early,luxury
Entire home/apt,0,4.92,0,1,3,1,4,41.3068,19.86785,Sauk,5.92,0,1,1,2025,495.0,0,6.206575926724928,new,premium
Entire home/apt,167,4.97,1,1,2,1,3,41.33232814298408,19.829066321253777,Center,1.269,1,1,67,2020,289.0,1,5.66988092298052,veteran,mid
Entire home/apt,487,4.96,1,2,3,3,5,41.331139588620445,19.828143306076527,Myslym Shyri,1.123,1,1,84,2018,498.0,1,6.212606095751519,veteran,premium
Entire home/apt,120,4.92,1,1,1,1,2,41.33283341970698,19.82875920832157,Bulevardi,1.264,1,1,48,2021,229.0,0,5.438079308923196,established,mid
Entire home/apt,79,4.96,1,1,3,1,3,41.33782156303917,19.826189004229736,Bulevardi,1.415,1,1,32,2023,316.0,0,5.75890177387728,established,premium
Entire home/apt,105,4.9,1,1,2,1,3,41.33249,19.82293,Myslym Shyri,0.726,1,1,42,2022,394.0,0,5.978885764901122,established,premium
Entire home/apt,138,4.79,1,1,1,1,2,41.32048,19.81763,Blloku,0.788,1,1,55,2021,347.0,0,5.8522024797744745,established,premium
Entire home/apt,118,4.95,1,1,1,1,2,41.33463,19.82375,Myslym Shyri,0.97,1,1,47,2022,392.0,0,5.973809611869261,established,premium
Entire home/apt,6,5.0,1,1,1,1,2,41.32085,19.81936,Blloku,0.742,1,1,2,2025,272.0,0,5.60947179518496,early,mid
Entire home/apt,35,5.0,1,1,2,1,4,41.32928,19.8274,Myslym Shyri,0.986,1,1,14,2024,368.0,0,5.910796644040527,active,premium
Entire home/apt,202,4.96,1,1,1,1,2,41.33323,19.82289,Myslym Shyri,0.788,1,1,81,2019,429.0,1,6.063785208687608,veteran,premium
Entire home/apt,14,4.86,0,2,2,2,4,41.32870175294938,19.824889115989208,Myslym Shyri,0.7,1,1,6,2025,550.0,0,6.311734809152915,active,luxury
Entire home/apt,73,4.79,0,1,2,1,4,41.33075438722658,19.821327018524176,Pazari i Ri,0.464,1,1,29,2023,363.0,0,5.8971538676367405,established,premium
Entire home/apt,16,4.94,1,1,1,1,3,41.332091485959765,19.823638200759888,Myslym Shyri,0.748,1,1,6,2025,493.0,0,6.202535517187923,active,premium
Entire home/apt,202,4.98,1,2,3,2,4,41.32366,19.81599,Blloku,0.522,1,1,81,2019,732.0,1,6.597145701886651,veteran,luxury
Entire home/apt,18,5.0,0,1,1,1,3,41.33086315269609,19.82540845870972,Myslym Shyri,0.833,1,1,7,2025,536.0,0,6.285998094508865,active,luxury
Entire home/apt,186,4.8,0,0,1,1,2,41.32421,19.81776,Blloku,0.38,1,1,74,2019,245.0,1,5.5053315359323625,veteran,mid
Entire home/apt,216,4.99,1,1,2,1,3,41.33505,19.82916,Bulevardi,1.432,1,1,84,2018,429.0,1,6.063785208687608,veteran,premium
Entire home/apt,211,5.0,1,1,1,1,2,41.33477,19.82971,Bulevardi,1.464,1,1,84,2018,421.0,1,6.045005314036012,veteran,premium
Entire home/apt,49,4.76,1,1,1,1,3,41.33018586987061,19.816765160188293,Blloku,0.367,1,1,20,2024,289.0,0,5.66988092298052,active,mid
Entire home/apt,13,4.85,0,1,1,1,4,41.32994993097543,19.82562130583704,Myslym Shyri,0.815,1,1,5,2025,234.0,0,5.459585514144159,active,mid
Entire home/apt,446,4.89,1,1,4,1,3,41.32186,19.81977,Blloku,0.637,1,1,84,2018,271.0,1,5.605802066295998,veteran,mid
Entire home/apt,168,4.78,1,2,3,2,4,41.32985,19.82483,Myslym Shyri,0.729,1,1,67,2020,293.0,1,5.683579767338681,veteran,mid
Entire home/apt,238,4.89,0,2,2,1,5,41.332966,19.820515,Pazari i Ri,0.639,1,1,84,2018,462.0,1,6.137727054086234,veteran,premium
Entire home/apt,90,4.98,1,1,1,1,2,41.32074818689113,19.828306673016343,Pazari i Ri,1.303,1,1,36,2022,189.0,0,5.247024072160486,established,mid
Entire home/apt,121,5.0,1,1,1,1,3,41.325361418617895,19.829520904893503,Myslym Shyri,1.224,1,1,48,2021,738.0,0,6.6052979209482015,established,luxury
Entire home/apt,135,4.71,0,2,3,1,6,41.328972026956,19.821998270237067,Pazari i Ri,0.401,1,1,54,2021,453.0,0,6.118097198041348,established,premium
Entire home/apt,16,5.0,1,1,1,1,2,41.33388301379348,19.82031872713561,Myslym Shyri,0.731,1,1,6,2025,300.0,0,5.707110264748875,active,mid
Entire home/apt,13,5.0,1,1,2,1,2,41.30391153798458,19.818258360028267,Shkoza,2.619,0,1,5,2025,391.0,0,5.971261839790462,active,premium
Entire home/apt,2,4.92,1,2,2,1,4,41.30694871719345,19.81349542737007,Shkoza,2.353,0,1,1,2025,405.0,0,6.0063531596017325,early,premium
Entire home/apt,4,5.0,1,1,1,1,2,41.30212887190588,19.81636938902437,Shkoza,2.828,0,1,2,2025,301.0,0,5.71042701737487,early,premium
Entire home/apt,10,4.9,1,1,1,1,2,41.31309870100336,19.8060891777277,Kombinat,2.125,0,1,4,2025,270.0,0,5.602118820879701,early,mid
Entire home/apt,18,4.94,0,1,2,1,2,41.31404003900258,19.8077642172575,Shkoza,1.925,0,1,7,2025,360.0,0,5.8888779583328805,active,premium
Entire home/apt,11,4.73,1,1,1,1,4,41.30299248555798,19.817799314016742,Shkoza,2.722,0,1,4,2025,234.0,0,5.459585514144159,active,mid
Entire home/apt,17,4.94,1,2,5,2,5,41.31054038114681,19.81159562062379,Shkoza,2.041,0,1,7,2025,698.0,0,6.54965074223381,active,luxury
Entire home/apt,9,5.0,1,1,1,1,2,41.31301,19.806006,Kombinat,2.138,0,1,4,2025,323.0,0,5.780743515792329,early,premium
Entire home/apt,17,5.0,1,2,3,2,5,41.3121763,19.8016968,Kombinat,2.541,0,1,7,2025,488.0,0,6.192362489474872,active,premium
Entire home/apt,6,5.0,0,1,1,1,3,41.30826899700976,19.810091458642628,Shkoza,2.339,0,1,2,2025,289.0,0,5.66988092298052,early,mid
Entire home/apt,0,4.92,0,2,3,2,5,41.30452358952488,19.81455589725885,Shkoza,2.592,0,1,1,2025,330.0,0,5.802118375377063,new,premium
Entire home/apt,24,4.83,1,1,1,1,4,41.31192968384698,19.80300564318896,Kombinat,2.454,0,1,10,2025,382.0,0,5.948034989180646,active,premium
Entire home/apt,10,4.5,0,2,3,1,4,41.31343439298243,19.800955429673195,Kombinat,2.513,0,1,4,2025,347.0,0,5.8522024797744745,early,premium
Entire home/apt,7,5.0,0,2,2,2,5,41.31326557098324,19.80722298836157,Shkoza,2.03,0,1,3,2025,566.0,0,6.340359303727752,early,luxury
Entire home/apt,9,5.0,0,1,2,1,4,41.3107286,19.8112296,Shkoza,2.038,0,1,4,2025,703.0,0,6.556778356158042,early,luxury
Entire home/apt,7,5.0,1,1,1,1,2,41.30763,19.81097,Shkoza,2.367,0,1,3,2025,412.0,0,6.023447592961033,early,premium
Entire home/apt,0,4.92,1,1,1,1,2,41.30638179094253,19.81333952397108,Shkoza,2.418,0,1,1,2025,317.0,0,5.762051382780177,new,premium
Entire home/apt,39,5.0,1,1,1,1,3,41.31278429899101,19.804399309014897,Kombinat,2.278,0,1,16,2024,351.0,0,5.863631175598097,active,premium
Entire home/apt,0,4.92,0,1,2,1,3,41.2995575,19.819420374868777,Shkoza,3.103,0,1,1,2025,300.0,0,5.707110264748875,new,mid
Entire home/apt,3,4.67,0,1,1,1,3,41.31355803932516,19.80281788855791,Kombinat,2.346,0,1,1,2025,305.0,0,5.723585101952381,early,premium
Entire home/apt,22,4.95,1,1,1,1,3,41.3120666951358,19.802990555763245,Kombinat,2.444,0,1,9,2025,389.0,0,5.966146739123692,active,premium
Entire home/apt,2,4.92,0,1,3,1,2,41.31297379278755,19.804943178295908,Kombinat,2.221,0,1,1,2025,242.0,0,5.493061443340548,early,mid
Entire home/apt,110,4.83,0,1,2,1,4,41.31274032592773,19.804981231689453,Kombinat,2.237,0,1,44,2022,298.0,0,5.700443573390686,established,mid
Entire home/apt,2,4.92,1,1,1,1,2,41.31381893172296,19.803316108882427,Kombinat,2.285,0,1,1,2025,437.0,0,6.082218910376446,early,premium
Entire home/apt,21,4.95,1,2,3,1,4,41.30678553078866,19.81224097997311,Shkoza,2.408,0,1,8,2025,454.0,0,6.12029741895095,active,premium
Entire home/apt,1,4.92,0,2,5,2,4,41.30659385116454,19.79880709592525,Kombinat,3.203,0,1,1,2025,723.0,0,6.584791392385716,early,luxury
Entire home/apt,12,4.58,1,2,4,2,4,41.30706,19.80905,Shkoza,2.509,0,1,5,2025,469.0,0,6.152732694704104,active,premium
Entire home/apt,31,4.84,1,1,3,1,3,41.30543,19.81231,Shkoza,2.55,0,1,12,2024,646.0,0,6.472346294500901,active,luxury
Entire home/apt,5,5.0,0,1,2,1,3,41.31419103279565,19.80475777459108,Kombinat,2.139,0,1,2,2025,536.0,0,6.285998094508865,early,luxury
Entire home/apt,9,5.0,0,1,2,1,3,41.30578,19.81304,Shkoza,2.491,0,1,4,2025,371.0,0,5.918893854273146,early,premium
Entire home/apt,7,5.0,1,1,1,0,4,41.31054281437438,19.811102226376534,Shkoza,2.063,0,1,3,2025,199.17,0,5.299167005502614,early,mid
Entire home/apt,8,5.0,1,1,2,1,3,41.31431,19.81529,Shkoza,1.512,0,1,3,2025,677.0,0,6.519147287940395,early,luxury
Entire home/apt,28,5.0,0,1,1,1,3,41.3142896694726,19.805851342852783,Kombinat,2.046,0,1,11,2025,536.0,0,6.285998094508865,active,luxury
Entire home/apt,1,4.92,1,1,2,1,4,41.31081834045726,19.81179725378752,Shkoza,2.004,0,1,1,2025,577.0,0,6.359573868672378,early,luxury
Entire home/apt,1,4.92,0,1,1,1,2,41.310679954990256,19.81155075437012,Shkoza,2.029,0,1,1,2025,701.0,0,6.553933404025811,early,luxury
Entire home/apt,2,4.92,0,1,3,1,4,41.30454723070031,19.812297485768795,Shkoza,2.645,0,1,1,2025,437.0,0,6.082218910376446,early,premium
Entire home/apt,206,4.85,0,2,3,1,4,41.30543,19.81535,Shkoza,2.478,0,1,82,2019,249.0,1,5.521460917862246,veteran,mid
Entire home/apt,22,5.0,1,3,5,2,7,41.311304136353726,19.81063887476921,Shkoza,2.008,0,1,9,2025,206.5,0,5.335131339670753,active,mid
Entire home/apt,2,4.92,0,2,3,1,4,41.30321,19.81453,Shkoza,2.736,0,1,1,2025,460.0,0,6.133398042996649,early,premium
Entire home/apt,43,4.98,1,1,1,1,3,41.3076644,19.811016,Shkoza,2.361,0,1,17,2024,371.0,0,5.918893854273146,active,premium
Entire home/apt,4,5.0,0,1,1,1,3,41.31248,19.80315,Kombinat,2.4,0,1,2,2025,330.0,0,5.802118375377063,early,premium
Entire home/apt,18,5.0,1,1,2,1,3,41.31495868416106,19.80765856560671,Kombinat,1.855,0,1,7,2025,511.0,0,6.238324625039508,active,luxury
Private room,5,5.0,0,1,1,1,2,41.31343,19.81464,Shkoza,1.625,0,0,2,2025,265.0,0,5.583496308781699,early,mid
Entire home/apt,2,4.92,0,2,3,1,4,41.31497913807802,19.80819608303224,Shkoza,1.814,0,1,1,2025,492.0,0,6.20050917404269,early,premium
Entire home/apt,5,5.0,0,1,1,1,3,41.31197,19.80223,Kombinat,2.513,0,1,2,2025,330.0,0,5.802118375377063,early,premium
Entire home/apt,5,5.0,1,2,3,2,4,41.32850636087423,19.878664053976536,Ali Demi,6.657,0,1,2,2025,363.0,0,5.8971538676367405,early,premium
Entire home/apt,0,4.92,0,3,3,3,6,41.32507690899751,19.870238111821457,Ali Demi,5.727,0,1,1,2025,287.5,0,5.664695085948154,new,mid
Entire home/apt,23,4.78,1,1,1,1,2,41.32932769784285,19.877895732388986,Ali Demi,6.574,0,1,9,2025,242.0,0,5.493061443340548,active,mid
Private room,1,4.92,1,1,1,1,3,41.326702938821406,19.86514588346627,Ali Demi,5.156,0,0,1,2025,338.0,0,5.82600010738045,early,premium
Private room,1,4.92,1,1,1,1,2,41.32671,19.86517,Ali Demi,5.159,0,0,1,2025,333.0,0,5.8111409929767,early,premium
Entire home/apt,0,4.92,0,2,2,1,4,41.33455840474611,19.86041832715273,Astir,4.697,0,1,1,2025,394.0,0,5.978885764901122,new,premium
Entire home/apt,0,4.92,0,5,10,4,10,41.33104544921822,19.87623500000001,Ali Demi,6.398,0,1,1,2025,234.17,0,5.46030865686874,new,mid
Entire home/apt,1,4.92,0,2,5,2,6,41.32800045411207,19.878934235543813,Ali Demi,6.686,0,1,1,2025,206.0,0,5.332718793265369,early,mid
Entire home/apt,1,4.92,1,1,1,1,2,41.32842724425038,19.878701604902744,Ali Demi,6.661,0,1,1,2025,204.0,0,5.3230099791384085,early,mid
Entire home/apt,8,4.88,1,2,2,1,4,41.32895,19.87836,Ali Demi,6.624,0,1,3,2025,349.0,0,5.857933154483459,early,premium
Entire home/apt,1,4.92,0,2,4,1,5,41.32199,19.8574,Don Bosko,4.339,0,1,1,2025,387.0,0,5.961005339623274,early,premium
Entire home/apt,0,4.92,0,4,6,4,11,41.331226957408006,19.876299169619752,Ali Demi,6.407,0,1,1,2025,245.0,0,5.5053315359323625,new,mid
Entire home/apt,0,4.92,0,1,1,1,3,41.32025608461476,19.858439527451992,Ali Demi,4.484,0,1,1,2025,206.0,0,5.332718793265369,new,mid
Private room,6,4.67,1,1,1,1,2,41.32765,19.86602,Ali Demi,5.253,0,0,2,2025,437.0,0,6.082218910376446,early,premium
Private room,5,4.8,1,1,1,1,2,41.32671,19.86517,Ali Demi,5.159,0,0,2,2025,437.0,0,6.082218910376446,early,premium
Private room,0,4.89,1,1,1,1,2,41.32671,19.86517,Ali Demi,5.159,0,0,1,2025,437.0,0,6.082218910376446,new,premium
Private room,3,5.0,1,1,1,1,2,41.32671,19.86516,Ali Demi,5.158,0,0,1,2025,333.0,0,5.8111409929767,early,premium
Entire home/apt,8,4.5,0,2,3,2,5,41.33095630387068,19.87351387739181,Ali Demi,6.096,0,1,3,2025,562.0,0,6.333279628139691,early,luxury
Entire home/apt,9,4.89,1,2,3,2,4,41.32887,19.87909,Ali Demi,6.705,0,1,4,2025,363.0,0,5.8971538676367405,early,premium
Entire home/apt,47,4.68,0,2,3,2,5,41.35173,19.84871,Kodra,4.281,0,1,19,2024,253.0,0,5.537334267018537,active,mid
Entire home/apt,13,4.54,0,1,5,1,4,41.35644,19.84788,Kodra,4.562,0,1,5,2025,250.0,0,5.5254529391317835,active,mid
Entire home/apt,0,4.92,0,1,1,1,3,41.35045708031859,19.85917747020721,Astir,5.165,0,1,1,2025,536.0,0,6.285998094508865,new,luxury
Entire home/apt,3,5.0,0,2,3,1,4,41.3589726055457,19.846365805034665,Kodra,4.651,0,1,1,2025,345.0,0,5.846438775057724,early,premium
Entire home/apt,9,4.89,0,2,3,1,5,41.350271567650445,19.857429616671748,Astir,4.987,0,1,4,2025,289.0,0,5.66988092298052,early,mid
Entire home/apt,11,4.55,1,1,1,1,3,41.34591,19.84579,Liqeni,3.636,1,1,4,2025,209.0,0,5.3471075307174685,active,mid
Entire home/apt,0,4.92,0,1,3,1,2,41.34552702074003,19.839198538160208,Liqeni,3.03,1,1,1,2025,454.0,0,6.12029741895095,new,premium
Entire home/apt,10,4.8,0,1,1,1,3,41.35485,19.84911,Kodra,4.54,0,1,4,2025,286.0,0,5.659482215759621,early,mid
Entire home/apt,0,4.92,0,1,1,1,3,41.345993424071416,19.84981260037504,Astir,4.018,0,1,1,2025,462.0,0,6.137727054086234,new,premium
Entire home/apt,1,4.92,0,1,1,1,4,41.34521,19.8402,Liqeni,3.092,1,1,1,2025,310.0,0,5.739792912179234,early,premium
Private room,0,4.89,0,1,1,2,2,41.34817295435892,19.841964618385333,Liqeni,3.455,1,0,1,2025,495.0,0,6.206575926724928,new,premium
Private room,0,4.89,0,1,1,2,3,41.34849,19.8424,Liqeni,3.514,1,0,1,2025,495.0,0,6.206575926724928,new,premium
Private room,0,4.89,0,1,1,1,2,41.34501,19.85544,Astir,4.518,0,0,1,2025,274.67,0,5.6192044981809035,new,mid
Entire home/apt,0,4.92,0,1,2,1,2,41.3478445430537,19.85714972019196,Astir,4.829,0,1,1,2025,347.0,0,5.8522024797744745,new,premium
Entire home/apt,1,4.92,0,1,1,1,2,41.34561355491167,19.844283599808705,Liqeni,3.479,1,1,1,2025,404.0,0,6.003887067106539,early,premium
Entire home/apt,0,4.92,0,1,2,1,2,41.34604,19.8593,Astir,4.954,0,1,1,2025,311.0,0,5.7430031878094825,new,premium
Entire home/apt,0,4.92,0,2,2,1,3,41.35895877675651,19.84849752944212,Kodra,4.81,0,1,1,2025,239.0,0,5.480638923341991,new,mid
Private room,1,4.92,0,1,1,2,2,41.34959,19.84109,Liqeni,3.491,1,0,1,2025,495.0,0,6.206575926724928,early,premium
Entire home/apt,6,4.5,0,2,2,1,3,41.35256,19.84533,Kodra,4.059,0,1,2,2025,215.0,0,5.375278407684165,early,mid
Entire home/apt,99,4.63,0,1,3,1,4,41.34589,19.84569,Liqeni,3.625,1,1,40,2022,234.0,0,5.459585514144159,established,mid
Entire home/apt,73,4.67,0,1,2,1,4,41.318378369786856,19.81828429472046,Blloku,1.014,1,1,29,2023,382.0,0,5.948034989180646,established,premium
Entire home/apt,82,4.95,1,1,1,1,3,41.33018995041216,19.80916801840067,Selvia,1.099,0,1,33,2023,456.0,0,6.124683390894205,established,premium
Entire home/apt,0,4.92,0,1,2,1,3,41.31783847452487,19.827289693057537,Pazari i Ri,1.435,1,1,1,2025,223.0,0,5.4116460518550396,new,mid
Entire home/apt,38,4.97,1,1,1,1,2,41.327326308048654,19.809207245707512,Blloku,1.054,1,1,15,2024,492.0,0,6.20050917404269,active,premium
Entire home/apt,275,4.78,0,1,2,1,3,41.319054,19.814248,Blloku,1.06,1,1,84,2018,403.0,1,6.0014148779611505,veteran,premium
Entire home/apt,186,4.92,1,1,2,1,2,41.33767044069612,19.805674105882645,Selvia,1.834,0,1,74,2019,281.0,1,5.641907070938114,veteran,mid
Entire home/apt,153,4.76,1,2,3,2,5,41.319077,19.814535,Blloku,1.043,1,1,61,2020,362.0,1,5.8944028342648505,veteran,premium
Entire home/apt,91,4.96,1,0,1,1,2,41.317341,19.812593,Blloku,1.316,1,1,36,2022,248.0,0,5.517452896464707,established,mid
Entire home/apt,0,4.92,0,1,1,1,2,41.32678147169237,19.805318377912045,Blloku,1.487,1,1,1,2025,340.0,0,5.831882477283517,new,premium
Entire home/apt,115,4.91,0,1,1,1,2,41.31941,19.8152,Blloku,0.978,1,1,46,2022,327.0,0,5.793013608384144,established,premium
Entire home/apt,77,4.74,1,1,1,1,2,41.31859,19.81776,Blloku,0.994,1,1,31,2023,297.0,0,5.697093486505405,established,mid
Entire home/apt,111,4.88,1,1,1,1,2,41.32529,19.80118,Kombinat,1.96,0,1,44,2022,281.0,0,5.641907070938114,established,mid
Entire home/apt,220,4.91,1,1,1,1,2,41.31804,19.82492,Pazari i Ri,1.257,1,1,84,2018,388.0,1,5.963579343618446,veteran,premium
Entire home/apt,273,4.94,1,1,1,1,2,41.32569,19.80878,Blloku,1.119,1,1,84,2018,366.0,1,5.905361848054571,veteran,premium
Entire home/apt,44,5.0,1,1,1,1,2,41.31769167565188,19.814111664891243,Blloku,1.202,1,1,18,2024,492.0,0,6.20050917404269,active,premium
Entire home/apt,230,5.0,1,1,1,1,2,41.31894340921548,19.816147384278224,Blloku,0.991,1,1,84,2018,357.0,1,5.8805329864007,veteran,premium
Entire home/apt,23,5.0,1,1,1,1,2,41.31668113926344,19.81410127133131,Blloku,1.305,1,1,9,2025,286.0,0,5.659482215759621,active,mid
Entire home/apt,23,4.83,0,1,1,1,4,41.31709261033695,19.81593398954925,Blloku,1.195,1,1,9,2025,418.0,0,6.037870919922137,active,premium
Private room,310,4.81,1,1,1,0,2,41.3188,19.81592,Blloku,1.014,1,0,84,2018,430.0,1,6.066108090103747,veteran,premium
Entire home/apt,477,4.97,1,1,1,2,2,41.31837,19.81513,Blloku,1.088,1,1,84,2018,454.0,1,6.12029741895095,veteran,premium
Entire home/apt,295,4.95,1,1,1,1,2,41.32619,19.80847,Blloku,1.145,1,1,84,2018,324.0,1,5.783825182329737,veteran,premium
Entire home/apt,123,4.98,1,1,1,1,3,41.3179939,19.8134251767,Blloku,1.207,1,1,49,2021,465.0,0,6.144185634125646,established,premium
Entire home/apt,25,5.0,1,2,3,1,5,41.31674886356308,19.81408484280109,Blloku,1.299,1,1,10,2025,392.0,0,5.973809611869261,active,premium
Entire home/apt,110,4.97,1,1,1,1,3,41.32701145123195,19.80989257777101,Blloku,0.979,1,1,44,2022,387.0,0,5.961005339623274,established,premium
Entire home/apt,145,4.99,1,1,1,1,3,41.3179939,19.8134251767,Blloku,1.207,1,1,58,2021,465.0,0,6.144185634125646,established,premium
